3
1000 304 456
-0.00146714 0.014865 -0.032475
0.0154502 -0.0413203 -0.0232605
0.0271098 -0.0388908 -0.128792
-0.0426446 -0.00358171 -0.0466148
-0.0127531 0.0122556 -0.166373
-0.0245894 -0.0370458 -0.114554
0.0392012 -0.0113998 -0.203084
-0.0405697 0.00907144 -0.0462564
0.00402537 -0.00537855 -0.250045
-0.00264182  0.004 -0.238638
0.01049 -0.0103615 -0.127665
0.0124314 0.0145995 -0.166251
0.00573737 0.0393938 -0.041975
0.0392864 -0.0298059 -0.179607
-0.00150562 -0.0123484 -0.254703
0.0199419 -0.0379247 -0.02284
0.00997529 -0.0261 -0.1996
0.0207788 0.0376571 -0.0384824
-0.0421381 -0.007925120000000001 -0.022253
-0.0307758 -0.0429398 -0.199982
-0.0385299 0.0135363 -0.187662
-0.0395879 -0.00356608 -0.0301209
0.0238639  0.004 -0.213578
0.0433978 -0.00448111 -0.203646
0.0367838 -0.0249741 -0.153891
0.0118221 -0.0417697 -0.0452898
-0.0258229 0.0356051 -0.0355439
0.0258105 -0.0217273 -0.002375
-0.0380793 -0.026912 -0.194358
-0.0186608 -0.0261 -0.219049
0.0379677 0.0117747 -0.0518452
-0.0222846 -0.038803 -0.0557351
0.0176288 -0.00276877 -0.10483
-0.0314031 0.00275041 -0.233818
0.018737  0.004 -0.215464
-0.00382732 -0.0148525 -0.16422
0.0247492 0.00411643 -0.248778
0.0119855 -0.0410474 -0.104641
0.0326126 -0.0261 -0.227921
0.000763066 0.0427754 -0.0289038
-0.0287185 -0.0277453 -0.0125218
0.0355739 -0.0296283 -0.141598
0.00138304 -0.0330779 -0.253999
0.0265535 0.029662 -0.0301762
0.0136256 0.000710034 -0.252086
0.0197743 -0.0403687 -0.0439192
-0.0231838 -0.0116254 -0.11879
-0.00056475 -0.0138132 -0.170495
0.02701 -0.0150469 -0.181082
0.0146818 -0.0155478 -0.14898
0.0328125 -0.0330929 -0.13117
-0.0328296 0.0149459 -0.002375
-0.0275013 0.0180855 -0.06261
0.0361178 -0.0147322 -0.193271
0.0344106 -0.0280145 -0.107478
-0.0196283 -0.0346395 -0.00979493
-0.0229517 -0.00306797 -0.247798
0.0160886 -0.018713 -0.174027
0.0322222 -0.0313717 -0.0498241
0.0005030739999999999 -0.0399583 -0.008801750000000001
-0.000428325 0.0432966 -0.0376094
-0.0171371 -0.0163192 -0.151398
0.0323577 -0.0296046 -0.002375
0.0144977 0.0428526 -0.0292222
-0.00545606 -0.0442162 -0.0584572
0.0316905 -0.0406317 -0.214145
0.00235583 0.0339211 -0.0531962
0.0171154 -0.0169021 -0.155729
0.0199856 -0.0265029 -0.032475
-0.00728705 -0.00464786 -0.171107
-0.0101881 -0.00697298 -0.255138
0.0212022 -0.00503021 -0.032475
-0.041282 -0.0340614 -0.191229
-0.0386805 -0.0197792 -0.0603243
0.0410032 -0.013445 -0.0564384
0.0327122 0.0132814 -0.240817
0.0451221 -0.00849306 -0.0170361
-0.0222517 -0.0381685 -0.0214397
0.010131 -0.0464556 -0.223896
-0.0317146 0.0266176 -0.0325823
0.0233413 -0.0394586 -0.135974
-0.040149 0.0224077 -0.0166539
0.0424428 -0.0226041 -0.214627
-0.00546984 -0.0369606 -0.032475
-0.0187934 -0.0133376 -0.137843
0.0438838 0.00324055 -0.21136
0.0376374 0.00357543 -0.002375
-0.0301189 -0.0432224 -0.200166
-0.0249067 0.0195983 -0.032475
0.0241124 0.0372624 -0.0167743
-0.0339932 -0.0283448 -0.0191905
0.0106562 0.0081717 -0.165669
0.0336986 -0.0309243 -0.08180949999999999
0.044035 -0.00854562 -0.198487
-0.0260663 -0.0188666 -0.176295
0.0293651 0.0101351 -0.0715749
-0.0322078 -0.0158673 -0.233779
-0.0435573 -0.0131343 -0.218704
0.0200316 -0.0170011 -0.169311
0.000435045 -0.0008018600000000001 -0.250215
-0.0433927 -0.0107686 -0.21917
-0.00124438 0.0174363 -0.256224
-0.029451 0.00733774 -0.0786567
-0.0261152 -0.013435 -0.118331
-0.0294136 -0.0194947 -0.163545
-0.0428959 -0.0144151 -0.211711
0.033865 0.0210412 -0.0222594
-0.0311957 0.0248913 -0.012881
0.0227544 -0.0365181 -0.016375
-0.0385928 -0.0221644 -0.200297
-0.0207824 0.0119102 -0.078622
-0.008803439999999999  0.004 -0.227959
0.0417931 -0.00761902 -0.0556233
0.00372694 0.018064 -0.07785640000000001
0.0339707 0.00325336 -0.240893
-0.0122382 -0.00176537 -0.252506
-0.0125803 -0.00199837 -0.032475
-0.0370506 0.00513456 -0.235907
0.00576084 -0.0465838 -0.163302
-0.0219362 -0.00705081 -0.108594
0.0312605 -0.0386384 -0.151303
-0.0387494 -0.011508 -0.00267995
0.0414965 -0.0171839 -0.0566147
0.0130383 0.00599821 -0.032475
-0.0124395 -0.0439021 -0.158942
0.0385573 -0.0155897 -0.220572
0.0306676 0.0252547 -0.0278363
-0.00758974 -0.0202735 -0.255612
-0.0181238 0.031947 -0.0496447
0.0399479 -0.0192132 -0.210946
0.0153573 0.000627431 -0.247044
-0.00214176  0.004 -0.197404
0.00220384 -0.0348748 -0.253614
0.03479 -0.0285408 -0.0560637
0.0287013 -0.0184963 -0.169667
-0.0402942 0.0170175 -0.231863
0.00348955 0.00343495 -0.104256
-0.0161511 0.0377383 -0.0436312
0.0207482 -0.0386467 -0.0114837
-0.0185994 0.0328612 -0.0509281
-0.0176506 0.00159188 -0.246263
-0.0387054 -0.00142615 -0.187996
-0.0270002 -0.00264603 -0.239705
0.0272254 -0.0444819 -0.201752
-0.013901 0.0147957 -0.002375
0.0147853 0.0298581 -0.002375
0.0333899 -0.0322321 -0.107389
0.0397104 -0.00421985 -0.0289886
-0.0107605 0.00194333 -0.100853
-0.035034 0.0263085 -0.0125338
-0.0397142 -0.00257143 -0.030523
-0.008484739999999999 0.020927 -0.0724017
-0.0400138 -0.0174929 -0.229143
-0.0212371 -0.0393157 -0.0568492
-0.0329372 0.0225839 -0.0176234
-0.0311724 -0.0190633 -0.123524
-0.0436923 -0.0155572 -0.202772
-0.0312273 -0.0105413 -0.179095
0.0101799 0.0016807 -0.002375
-0.0308298 -0.0176016 -0.180718
-0.0356628 -0.0083835 -0.085352
0.00302845 -0.0439752 -0.06968480000000001
-0.0338201 0.0247215 -0.0389846
-0.039415 -0.0240596 -0.186004
-0.0289886 -0.0171472 -0.139445
-0.01649 -0.0468127 -0.194533
0.00106004 -0.0462202 -0.153141
0.0214409 -0.0176119 -0.159703
0.0123692  0.004 -0.201959
-0.0215057 -0.00408436 -0.107152
-0.0175476 -0.0444743 -0.229877
0.0265625 0.0295747 -0.00661045
-0.0456646 -0.000155492 -0.211888
-0.0408332 0.0107224 -0.189914
0.0265344 -0.0133147 -0.245893
0.0230846 -0.0422345 -0.171205
-0.0370817 -0.0262708 -0.172485
0.0192488 0.00258204 -0.032475
-0.009103 0.0100394 -0.0912641
-0.00305712 0.0314033 -0.05731
-0.0359816 -0.009547669999999999 -0.227829
0.0301394 -0.0214116 -0.161687
0.0417516 0.000923985 -0.229086
0.0343869 0.0102483 -0.181824
0.00500943 -0.00714729 -0.170848
0.0402134 0.0187554 -0.0171185
-0.0277596 0.00185884 -0.18176
-0.0166895 0.0397109 -0.016375
0.0374987 -0.0263069 -0.154554
-0.0332452 -0.0220294 -0.00740895
0.007909060000000001 -0.0372041 -0.25187
-0.0387517 -0.00874344 -0.00378098
0.0268253 -0.0103686 -0.239924
0.00170285  0.004 -0.205559
0.0258748 0.0036171 -0.241294
-0.0261251 -0.0302274 -0.0136614
0.0141506 -0.00298261 -0.247756
-0.0270596 -0.0367183 -0.124845
0.00618779 -0.0427829 -0.0498066
0.0273362 -0.0357698 -0.06872
-0.0216553 -0.0381598 -0.109412
-0.0008314420000000001 -0.0425131 -0.002375
-0.00905283 0.0444972 -0.0291705
-0.0060352 -0.0482007 -0.194205
-0.0233722 -0.0384738 -0.0397134
0.0392004 0.00727632 -0.016753
-0.0248528 -0.0369625 -0.015375
0.00358218 -0.0261 -0.218473
0.026379 0.0234433 -0.002375
-0.0151476 -0.0417601 -0.07330010000000001
0.0112802 -0.0419319 -0.0444748
-0.0227316 -0.0391 -0.128977
0.0268532 0.0109476 -0.032475
0.0380769 -0.0166725 -0.22215
-0.0412538 -0.0141852 -0.0338031
0.0281694 0.0142262 -0.0709984
-0.0434723 0.0151944 -0.220666
0.0358906 -0.0160571 -0.227724
0.0186576 -0.0189317 -0.175088
0.0375777 -0.0195539 -0.0888066
0.0245707 -0.0312238 -0.0249589
0.0354443 -0.0029043 -0.0786545
-0.038239 -0.0113836 -0.0222363
-0.00393353 0.0381361 -0.00283699
-0.0157923 -0.045403 -0.193941
-0.027268 -0.0290806 -0.00475552
-0.008392699999999999 0.00932586 -0.255356
0.0377125 -0.0178378 -0.197675
0.0114333 -0.0427704 -0.104337
-0.0218921 -0.0448673 -0.179996
-0.040036 -0.0261638 -0.200011
-0.00263121 -0.0426625 -0.0251707
-0.033121 -0.0290974 -0.0242316
0.0265449 -0.0200539 -0.158142
0.0250413 -0.037446 -0.07950459999999999
0.0421363 -0.0123917 -0.0285495
-0.0134245 0.00287678 -0.002375
-0.0189826 -0.0102187 -0.126535
0.0269764 -0.0171704 -0.134571
0.0397048 0.00109318 -0.21287
0.0189506 0.00379509 -0.169785
0.0131424  0.004 -0.187334
0.008059169999999999 0.0422153 -0.0164611
-0.0179648 -0.00724845 -0.118677
0.0123296 0.0408801 -0.0181704
-0.0295876 -0.0265717 -0.008809829999999999
0.00129277 0.0243179 -0.06868340000000001
0.0399377 -0.00704874 -0.212263
0.0356664 -0.0206863 -0.112921
0.0388458 -0.035321 -0.194437
-0.009263459999999999 -0.0483103 -0.207561
0.0369542 -0.0264938 -0.098787
0.00967262 -0.0114031 -0.002375
0.0260377 0.0201216 -0.002375
0.0226439 -0.04425 -0.203282
-0.0366829 -0.0017328 -0.237832
-0.0323564 -0.0222551 -0.146289
-0.0399267 -0.010904 -0.208398
-0.0152781 0.0368002 -0.00520112
0.00344525 -0.0261 -0.232514
-0.0273516 -0.035222 -0.108502
-0.0159945  0.004 -0.233448
-0.00634475 -0.00260145 -0.166145
0.0184997 -0.00535459 -0.113805
-0.00386414 -0.0395684 -0.0272223
-0.0252567 -0.0210164 -0.002375
-0.0397253 0.00674186 -0.187803
-0.000811026 0.00453652 -0.102529
-0.0349411 -0.0191904 -0.0271609
0.0130277 0.008694210000000001 -0.002375
0.0374956 0.0135491 -0.0136248
-0.0319399 -0.0415599 -0.184924
0.00320636 0.0321741 -0.0588831
-0.0351465 -0.0260638 -0.0307047
-0.0317872 -0.0286132 -0.0245971
-0.00207191 -0.0126621 -0.164686
-0.0160856 -0.00701291 -0.167637
-0.0375233 -0.0330366 -0.230334
0.022532 0.0381867 -0.018003
0.0306406 0.0328369 -0.031355
-0.00851698 -0.0467383 -0.171041
-0.0254143 0.0112329 -0.07810549999999999
0.0267529 -0.0359872 -0.0486088
-0.00598238 0.0420882 -0.0347367
0.0129206 -0.0100609 -0.169736
-0.00465393 0.0434617 -0.002375
0.0432742 -0.0171964 -0.195067
0.0114047 -0.0211587 -0.253116
-0.040255 0.0174464 -0.0104421
0.0315196 -0.0120196 -0.234831
0.0033599 -0.0163264 -0.14655
-0.0242439 -0.031656 -0.00427282
-0.0109236 0.00638279 -0.032475
-0.043896 0.00695084 -0.223095
-0.0385686 -0.0350971 -0.189012
-0.0403429 -0.0184922 -0.187555
0.0260681 0.0293873 -0.0455739
0.0391935 -0.0132588 -0.203913
0.0216167 -0.00182197 -0.10265
-0.00580561 -0.009899150000000001 -0.127721
-0.0219152 -0.0261 -0.1915
0.0376576 0.0202963 -0.0214466
-0.0252451 -0.0362045 -0.10742
0.0104667 -0.0445124 -0.135911
-0.0226638 -0.0248202 -0.178457
-0.0265876 0.0335173 -0.016375
-0.0242589 -0.0385222 -0.104755
0.0415893 -0.0221581 -0.228149
0.0416316 0.0105896 -0.0454558
0.00116083 -0.04226 -0.0820375
-0.00642211 0.00235232 -0.166155
0.0388562 -0.0225637 -0.201436
0.0301579 -0.00433253 -0.184303
-0.00398555 0.0324584 -0.0554729
0.0179568 0.00163087 -0.100052
0.0398816 0.00210765 -0.0589107
0.0218427 -0.0460605 -0.217155
0.0446719 -0.00141473 -0.209811
0.0427459 -0.0190377 -0.212994
0.014935 -0.00145293 -0.032475
0.0337964 -0.0231675 -0.168138
0.00129676 0.0097316 -0.164532
-0.0378892 -0.0194291 -0.222808
-0.0294396 -0.0318945 -0.0414674
-0.0454816 0.0186739 -0.216662
0.0182253 0.0272529 -0.032475
-0.00831836 0.00486805 -0.100077
0.0179243 -0.0356674 -0.0117426
-0.026621 -0.0032977 -0.180622
-0.017681 -0.027 -0.246314
-0.00282342 -0.0458001 -0.175482
-0.0452748 -0.0129584 -0.202407
-0.0233384 -0.0387507 -0.0327958
-0.0263289 -0.01765 -0.169527
-0.0214356 -0.0273767 -0.032475
0.03566 -0.0229346 -0.120824
-0.0147363 -0.0185332 -0.15598
0.000146616 -0.0127051 -0.170483
0.0201376 -0.0377585 -0.0174792
0.0126475  0.004 -0.199887
0.0380362 0.00395072 -0.184585
-0.0324712 -0.0193372 -0.1335
0.0372324 -0.0269391 -0.224171
-0.008195910000000001 -0.0308962 -0.253382
-0.0229704 -0.0379001 -0.115101
0.0368324 0.00116788 -0.002375
-0.0177536 -0.0391231 -0.0924191
-0.00571506 0.0408182 -0.0387076
0.00350059 -0.0190578 -0.254533
0.0348104 0.0270822 -0.0233995
-0.0033777 -0.0462706 -0.232068
-0.0269134 0.0136058 -0.06993199999999999
0.025704 -0.043255 -0.173622
0.042285 0.00807006 -0.0373554
0.0321302 -0.00210488 -0.186633
-0.0303821 -0.00388873 -0.08994480000000001
0.0397902 -0.008724000000000001 -0.207772
0.0253702 0.0308276 -0.0275923
-0.0390699 0.0207039 -0.0221062
-0.0100787 -0.0460352 -0.228248
-0.0240653 0.0354663 -0.0215803
0.0295835 -0.0319047 -0.0610777
0.0185119 -0.0102218 -0.25224
0.0309785 -0.0306465 -0.0639676
0.0416282 0.000462798 -0.002375
0.0447061 -0.00791212 -0.0295749
-0.00636157 0.0448186 -0.0300262
-0.0287989 0.0280938 -0.0433402
0.0397052 0.00739551 -0.0581923
-0.0173271 -0.033878 -0.249499
0.0456646 0.0110452 -0.212315
-0.0149318 -0.0189293 -0.247224
0.0321931 0.00499441 -0.07845439999999999
-0.0178768 -0.0236625 -0.249
0.007884479999999999 -0.0470152 -0.212707
-0.0212095 0.0157705 -0.16958
-0.0407428 -0.0207438 -0.197394
-0.0212677 0.0110057 -0.251148
-0.0376459 -0.0131113 -0.008342199999999999
-0.0440595 -0.0122494 -0.206054
0.0249245 0.0312379 -0.0178004
0.0350626 -0.0189658 -0.0275991
0.00526119 0.008488839999999999 -0.0951544
-0.0355734 -0.0238333 -0.0284617
0.0258217 0.016128 -0.0707155
-0.0112022 -0.0423812 -0.129443
-0.0208599 0.0409738 -0.016398
0.0137284 0.0119632 -0.167805
0.0269442 -0.0126248 -0.113989
0.0261951 0.0317718 -0.033031
0.0220321 0.0129674 -0.002375
0.00256706 -0.00135294 -0.032475
0.0311743 -0.0311895 -0.24129
-0.0203996 -0.044439 -0.167874
0.0110247 -0.0456148 -0.231496
-0.0315207 -0.0261 -0.219964
-0.0349568 -0.025933 -0.187944
0.0370009 -0.0260219 -0.229402
-0.00164832 -0.0218507 -0.002375
0.0311391 -0.0174113 -0.185462
-0.000402426 0.0202257 -0.074916
0.0453414 0.000581603 -0.0305423
-0.014874 -0.0153098 -0.168103
0.0365913  0.004 -0.191459
-0.0379807 0.0129565 -0.184479
-0.0251019 -0.0362744 -0.0237836
-0.0136388 0.00298485 -0.168739
-0.0207786 -0.0395697 -0.08570709999999999
-0.012741 0.0377684 -0.0241489
0.0334869  0.004 -0.214493
-0.0350617 -0.00626913 -0.183945
0.0288231 -0.024899 -0.183958
0.0405231 -0.032433 -0.178948
-0.00424805 -0.0462642 -0.18501
0.0235292  0.004 -0.246916
0.015124 0.0399966 -0.0190327
0.00160517 -0.0240621 -0.168076
0.0275208 -0.033656 -0.0657628
0.0372543 -0.0219105 -0.236184
0.0285164 -0.0180297 -0.132664
0.0145089  0.004 -0.192347
0.00952011 -0.042128 -0.0512348
0.0293317 0.0296009 -0.0437008
0.00699768 -0.00561386 -0.166225
-0.00182519 0.035585 -0.0503594
-0.0411425 -0.0328919 -0.219302
-0.0281894 0.0334418 -0.00511506
0.0324556  0.004 -0.222162
0.043452 -0.000546179 -0.0359221
0.0395277 -0.00658897 -0.0704692
-0.000411613 0.018137 -0.164425
0.0290111 -0.0234081 -0.032475
0.0124893  0.004 -0.189674
-0.0364972 -0.0397143 -0.208221
0.0390514 0.008720840000000001 -0.232095
0.0352242 -0.0292302 -0.020295
0.0194312 -0.0409355 -0.0313401
-0.015516 -0.0404216 -0.048818
-0.0014687 -0.0139436 -0.165927
-0.0320602 -0.0408177 -0.176657
-0.016597 -0.0418973 -0.24156
0.0256052 -0.00873997 -0.032475
-0.00404213 0.00637073 -0.254884
0.02663 -0.0409625 -0.236201
-0.0281518 -0.0171552 -0.238688
0.0191737 -0.0215198 -0.25185
0.0374965 -0.0219655 -0.0382087
0.0228428 -0.0442858 -0.20632
0.0421049 -0.00160247 -0.0308271
-0.0167138 -0.0445563 -0.238406
0.0309525 -0.0338831 -0.0984064
0.00131979 -0.00402422 -0.032475
0.0145178 -0.0420068 -0.242951
-0.0113338 0.0443298 -0.021988
-0.031005 -0.0253415 -0.240815
0.0456646 0.0138532 -0.212913
-0.0343273 -0.0245797 -0.130574
-0.00978556 -0.0434375 -0.115415
0.0379026 -0.0101698 -0.22256
-0.0103399 0.00316807 -0.0989319
0.0265842 -0.0352799 -0.0215806
-0.00116963 0.0133721 -0.002375
0.0414641 -0.0314006 -0.200691
-0.0342893 0.02733 -0.00993221
-0.0332248 0.00460207 -0.0768689
-0.0351625 -0.0287644 -0.07001250000000001
-0.0163946 0.0364227 -0.008556660000000001
0.0398985 -0.0131567 -0.08214970000000001
-0.0031755 -0.0474419 -0.235484
0.0126565  0.004 -0.214643
-0.0380833 -0.0212277 -0.0346467
-0.0146985 -0.0465646 -0.182456
0.00548984 0.0201329 -0.0772346
-0.0141577 -0.0448035 -0.240038
-0.00306229 -0.00768568 -0.123029
0.009050799999999999 -0.0433178 -0.140404
-0.0456646 0.00783911 -0.214828
0.0321883 -0.0261 -0.219216
-0.0421443 -0.0258172 -0.218461
0.0237564 -0.0128285 -0.174858
0.0383959 0.0109267 -0.0240525
0.0365962 -0.00603507 -0.225841
0.030463 -0.0207481 -0.145445
-0.0385383 -0.0114189 -0.200114
0.000615081 -0.0454085 -0.03312
-0.00886662 0.0308353 -0.0568502
-0.0204048 0.0340765 -0.00345983
0.0351264 -0.0212585 -0.191445
0.0325561 -0.0371998 -0.16169
0.0256854 -0.0196547 -0.155781
0.0299204 0.00616162 -0.07628790000000001
-0.0423494 0.00335457 -0.0541366
0.0189077 -0.0454251 -0.17647
0.0448846 -0.00700291 -0.0277972
-0.0313192 0.0246627 -0.008849940000000001
0.0392603 -0.000230287 -0.216389
0.0441957 -0.00507243 -0.0464668
0.0332291 0.00325031 -0.0751066
0.0213513 0.000933662 -0.169634
0.0334826 -0.0300048 -0.0388093
-0.0138839 -0.0196889 -0.252396
-0.0195435 -0.0421136 -0.131537
0.0231958 -0.0392619 -0.0248995
0.0393415 -0.00506053 -0.215746
-0.0281982 -0.0175538 -0.131133
-0.00158413 -0.0422168 -0.08208269999999999
0.00917719 -0.0171651 -0.252183
-0.0217238 0.0334241 -0.0155043
-0.0133968 -0.0451441 -0.231794
-0.000398167 0.0443619 -0.0167777
0.0354886 -0.0209422 -0.192059
-0.0396651 -0.0184716 -0.206935
0.0218704 -0.0432483 -0.180669
-0.0264815 -0.0261 -0.214587
0.0037873 0.0456337 -0.0219881
-0.023241 -0.00104504 -0.002375
-0.0264912 -0.0244792 -0.177486
-0.0399954 -0.0338024 -0.211863
0.0225721 -0.041619 -0.160692
-0.0370343 -0.0233119 -0.0702792
0.0154523 -0.00914795 -0.127181
-0.0414298 0.0197039 -0.0190575
-0.0277528 0.0144849 -0.071037
0.017793 -0.0415676 -0.0367042
0.0359272 -0.0236579 -0.100398
0.0355769 0.016783 -0.237583
0.0348757 -0.021245 -0.121525
-0.00669189 -0.043426 -0.0123609
0.0244943 0.009850920000000001 -0.247748
-0.0161777 -0.0407731 -0.121366
-0.00920296 -0.0387912 -0.0163793
0.0188381 -0.00808657 -0.115275
0.0371319 0.0220909 -0.0329755
-0.0360122 0.0172111 -0.0129212
-0.000121112 -0.0466506 -0.18983
-0.0113451 -0.0166441 -0.154698
0.0372526 -0.0249256 -0.22414
-0.0365678 -0.0161846 -0.0283048
0.0152515 -0.0446276 -0.232336
-0.0271412 -0.0246421 -0.181157
0.0365733 0.0161743 -0.0286135
-0.008059780000000001 -0.0256609 -0.255416
-0.015085 0.0366999 -0.0332332
-0.0149718 -0.0416065 -0.0204804
0.0193828 0.0275698 -0.002375
-0.0139909 -0.0263325 -0.002375
-0.00137101 -0.0426448 -0.0661308
0.0392213 -0.00484963 -0.230194
-0.0305755 -0.00424329 -0.0940136
-0.0117021 -0.0128731 -0.166108
-0.00263177 0.0437755 -0.00701108
-0.0234088 0.0297771 -0.0521595
-0.00272871 -0.0135182 -0.002375
0.0136104  0.004 -0.2126
-0.0372626 -0.0143479 -0.0121067
0.0300715 -0.00707142 -0.002375
-0.0365605 0.0224396 -0.0212612
0.0102623 -0.0103809 -0.132613
0.0203199 0.0198659 -0.169243
-0.0349081 -0.0306485 -0.113814
-0.00678583 0.0432986 -0.00333015
0.0446168 -0.00440991 -0.0397338
0.032563 -0.0298869 -0.239928
0.0227937 0.0152986 -0.170622
-0.0152343 -0.0427928 -0.150064
-0.0112417 -0.0146116 -0.254749
0.0368128 -0.0275413 -0.016496
0.00698645 0.0432646 -0.00353324
-0.0396482 0.000854494 -0.206171
-0.0179844 0.0356411 -0.009273790000000001
0.0368137 -0.0274901 -0.162258
0.0406669 -0.0160765 -0.189023
0.03094 0.016695 -0.0633696
0.0257817 0.00243366 -0.248066
0.0154522 -0.0471364 -0.197969
0.032787 0.00246007 -0.2328
-0.00452199 -0.0396253 -0.0205432
-0.0441134 0.00647538 -0.198537
-0.042079 -0.0294096 -0.221322
-0.0248149 0.0232813 -0.0576301
0.000807606 -0.0217003 -0.170417
-0.0318282 -0.0169795 -0.234254
0.0277733 -0.0161191 -0.138264
-0.0452738 -0.0174855 -0.216605
0.0441897 0.0162499 -0.221904
-0.00288325 -0.0396519 -0.00974306
0.0332339 0.0304222 -0.015375
-0.0208059 -0.0448377 -0.207658
-0.0149887 0.0431553 -0.0240617
-0.0271141 -0.0292222 -0.0108214
-0.0081455 0.0282271 -0.032475
-0.0250689 -0.031105 -0.00844365
-0.036664 -0.0155359 -0.0208598
0.00987215 -0.0430932 -0.0205383
0.0422415 -0.00430978 -0.0621389
0.0274612 -0.0184251 -0.245066
-0.0399064 -0.016203 -0.209906
-0.0396299 0.00470248 -0.0116309
-0.0456646 0.00470648 -0.210947
-0.0251505 -0.0261 -0.218575
-0.0259953 -0.0206082 -0.032475
0.0382089 -0.0212148 -0.0957679
-0.0355685 -0.0313883 -0.232045
0.00506353 -0.0261 -0.240719
0.0415826  0.004 -0.217339
0.0310126 -0.00478143 -0.185313
0.0154989 -0.00234807 -0.168476
-0.00373861 -0.0433084 -0.0433596
0.0265777 0.0329659 -0.0414914
-0.00532552 -0.00563409 -0.11833
0.0416941 -0.00963958 -0.0702627
-0.00229828 -0.0459603 -0.14926
-0.000847797 -0.00222647 -0.164478
-0.0207417 -0.00728431 -0.110921
-0.0365189 -0.015078 -0.18787
-0.0271664 -0.0423335 -0.192478
-0.0357601 -0.0310045 -0.147428
0.0387373 -0.0258476 -0.228981
-0.0031063 5.58385e-05 -0.170591
0.00890751 -0.0431184 -0.08079450000000001
-0.0292908 -0.0115081 -0.105723
-0.0398634 -0.00235343 -0.0296501
-0.0260915 0.0088214 -0.032475
0.00118835 -0.0425283 -0.112348
0.0369424 -0.00586632 -0.234122
-0.0436801 -0.0297062 -0.201394
-0.0413859 -0.0175631 -0.0467648
0.019779 -0.00582229 -0.251712
0.032402 0.015779 -0.179583
0.0417789 -0.0179171 -0.015746
-0.0328635 -0.0400053 -0.21459
0.0102775 -0.045632 -0.183323
0.0324808 -0.0305995 -0.101209
0.0325819 -0.0411019 -0.184088
0.027145 -0.0369932 -0.127564
-0.0302154 -0.0149394 -0.111787
-0.0240781 -0.023957 -0.245019
-0.0270348 0.00662007 -0.032475
0.032026 -0.0359918 -0.147853
-0.0397806 -0.0279378 -0.173138
0.0295678 -0.0171278 -0.183605
-0.0119397 -0.0440323 -0.0246129
-0.02834 0.034078 -0.0341177
-0.0400593 -0.0356219 -0.188112
0.00699972 0.039102 -0.0329534
0.0363392 -0.0161758 -0.184486
0.0392501 -0.000639329 -0.217762
-0.0273512 -0.0182381 -0.169079
0.0342702 -0.00951566 -0.09067500000000001
-0.0200365 -0.0398368 -0.0706859
-0.0316873 -0.0189774 -0.032475
-0.00581274 -0.0162309 -0.153063
-0.009716610000000001 -0.0261 -0.238604
0.0428281 -0.00190207 -0.0233284
0.0320885 -0.00300503 -0.241521
-0.000841306 -0.008 -0.254613
-0.0438967 -0.023689 -0.219608
0.0396165 -0.0231603 -0.0185182
0.00228207 -0.0421691 -0.102323
0.0113165 0.0444899 -0.0177431
-0.0152825 0.000270901 -0.100807
-0.0384292 -0.0316152 -0.173618
-0.0453584 0.000375701 -0.0153991
0.0106475 -0.0124309 -0.032475
-0.0149598 0.0281956 -0.0582701
-0.025863 0.0232108 -0.0565051
-0.0431753 -0.000492655 -0.03965
0.009597700000000001 -0.000349557 -0.171762
0.038358 0.0219162 -0.0365613
-0.007870159999999999 -0.0391394 -0.0166157
0.0285082 -0.0407365 -0.233693
-0.0372334 -0.0227902 -0.082839
-0.0110027 -0.0465106 -0.203351
-0.0190998 -0.0446352 -0.191297
-0.00579923 -0.0261 -0.208725
-0.0118748 0.00495963 -0.0984574
-0.0014315 -0.00126317 -0.002375
-0.0184762 -0.045335 -0.173886
0.0331468 0.0219316 -0.0042987
-0.0224876 -0.0459338 -0.213803
0.0382755 -0.024833 -0.21896
0.0022055 -0.0379924 -0.254039
-0.0245888 0.0249675 -0.0584281
-0.0435921 0.00795879 -0.0172433
0.00406251 0.0375196 -0.0464683
-0.0271739 -0.0261 -0.220424
0.0121825 0.0380367 -0.0202152
0.0174022 0.0407558 -0.0212952
-0.0166944 -0.0362069 -0.0285958
-0.0128004 -0.0261 -0.233243
0.0402958 0.00290604 -0.23186
-0.0414871 -0.0160155 -0.199781
0.0236565 0.0372254 -0.0253293
-0.00306254 -0.014393 -0.170647
0.0266703 -0.0191332 -0.148485
0.0199702 0.0104742 -0.170172
0.0267007 0.0172179 -0.002375
-0.0329523 0.0264105 -0.0427753
-0.0353771 -0.0336376 -0.230195
-0.0140625  0.004 -0.218811
-0.0307722 0.0070321 -0.244503
-0.0143779 0.036232 -0.0478336
-0.0286603 -0.015522 -0.128043
0.0325599 -0.032009 -0.0242121
-0.0222891 -0.0364088 -0.0273795
-0.00233786 -0.0423882 -0.109912
0.00193313 -0.00468925 -0.11686
0.011644 -0.0334823 -0.002375
0.0456646 0.00805147 -0.215229
0.0302176 -0.0111062 -0.236534
-0.008943359999999999 0.00431167 -0.002375
-0.00102584 -0.0473508 -0.215211
-0.033776 -0.0213685 -0.116522
0.0296034 -0.0357759 -0.130447
-0.0227245 0.00272951 -0.178512
0.008765530000000001 -0.0462311 -0.163015
0.0308665 -0.0409343 -0.216762
0.0210878 -0.00444685 -0.171844
-0.0452377 -0.008155569999999999 -0.0172397
-0.0392112 -0.0203352 -0.217618
0.0150793 0.0369154 -0.025061
-0.0351505 -0.0202946 -0.104451
-0.00316664 -0.0452127 -0.135969
0.0206019 0.00183107 -0.176247
0.0392303 0.00368432 -0.230081
0.0437749 -0.00314566 -0.0284157
0.0332487 -0.0278957 -0.0541442
-0.0244404 0.009139069999999999 -0.171758
0.0327658 0.0297229 -0.0213354
-0.0398238 -0.00279567 -0.0184194
-0.0167644 -0.0293488 -0.002375
0.0241639 -0.0242734 -0.248911
0.0422604 0.0187774 -0.195167
-0.0361084 0.0250031 -0.0372021
-0.0191287 4.88641e-05 -0.249779
-0.0165252 -0.00743194 -0.120766
0.0334478 -0.0115638 -0.188783
-0.0385088 -0.0156633 -0.002375
-0.0330265 -0.0215237 -0.124543
0.0145694 0.00390452 -0.245511
0.00167809 -0.0437735 -0.00693387
0.00288486 -0.0449753 -0.0384802
-0.0415504 -0.0106641 -0.0194581
0.012325 -0.0333368 -0.251928
0.008578819999999999 0.0294194 -0.032475
0.0274296 0.0348085 -0.0194662
0.0253896 0.0079965 -0.002375
-0.0414481 -0.0304733 -0.183721
0.000640739 -0.02516 -0.002375
-0.0446719 0.0163044 -0.212948
0.0389087 -0.0231094 -0.078957
-0.0434576 -0.0209281 -0.223001
-0.0425417 -0.0134366 -0.0581145
0.00851215 -0.018238 -0.155513
-0.0259874 -0.0261 -0.20869
0.0185278  0.004 -0.200956
0.0322258 -0.0148674 -0.10546
-0.0358003 -0.0194118 -0.108702
0.0309028 -0.02095 -0.144249
0.0359164 -0.0184975 -0.227671
0.0370292 -0.0149076 -0.0280348
0.00412953 0.019751 -0.255874
0.0116999 -0.0168713 -0.002375
-0.0276689 0.0287115 -0.0143043
0.0254242 0.0007346950000000001 -0.247106
0.0112915 -0.044396 -0.136087
-0.0101239 -8.26896e-05 -0.108657
0.036424 -0.0264287 -0.0405907
0.0244035 0.0367303 -0.0256597
-0.0261227 0.00122511 -0.180166
-0.0323658 -0.00231603 -0.0841609
0.0182693 0.00317528 -0.174899
-0.0141745 -0.0405051 -0.0192459
0.0069884 -0.0084692 -0.166802
0.00556465 -0.0245236 -0.255683
-0.0151669 -0.0367557 -0.0248808
0.0413418 0.0113766 -0.0249719
0.0225418 -0.0196026 -0.161723
0.0398634 -0.00190895 -0.0293425
0.0136781 -0.0187944 -0.169735
0.00694498 0.0133295 -0.165218
-0.00790034 0.0112406 -0.0898342
0.00168114 0.00476979 -0.165579
0.0378256 -0.0214588 -0.222787
-0.026305 -0.0366927 -0.080319
0.0427311 -0.00370433 -0.0208975
0.0327997 -0.0151242 -0.187542
0.00394995 -0.030102 -0.25578
-0.0173181 -0.0421992 -0.0266169
-0.0182049 -0.0295986 -0.249825
0.0177035 0.0405375 -0.0233112
-0.0440627 0.0030209 -0.015375
-0.0384136 -0.0142281 -0.002375
0.0353758 -0.00426723 -0.184346
-0.00636699 0.0112343 -0.254602
0.0436923 0.000164002 -0.0319822
-0.0291423 -0.0272526 -0.0303799
0.0256713 -0.0397486 -0.151228
-0.0286192 -0.0241699 -0.002375
-0.00266447 0.0381421 -0.0486031
0.00479108 -0.00748103 -0.255793
0.0425292 -0.0258221 -0.190812
-0.035522 0.00306011 -0.192449
0.0392239 0.0203744 -0.0222393
0.00353763 -0.0443211 -0.119128
0.0384321 0.0191766 -0.0429339
0.0191547 -0.0403121 -0.0884619
-0.0421118 -0.0135211 -0.0217974
0.000788299 -0.0225026 -0.254654
-0.0258244 -0.024289 -0.240608
0.0055606 -0.0433372 -0.132857
-0.0112752 -0.0381169 -0.00695636
-0.0274992 -0.0329613 -0.0269607
0.0361043 -0.0239245 -0.156928
-0.043864 -0.0100474 -0.21482
0.0233736 -0.0417694 -0.165928
0.0447163 -0.00925393 -0.0255007
-0.0352919 0.027378 -0.0325195
-0.00750189 0.00412513 -0.255464
-0.0242208 0.00393984 -0.177617
0.0121675 0.0125964 -0.167213
-0.0253152 -0.0175871 -0.151919
-0.0422367 0.01202 -0.00742816
-0.0331644 -0.0159692 -0.239734
0.0140191 0.0373804 -0.00656086
0.0236694  0.004 -0.211641
0.0285333 -0.0132305 -0.174543
0.041131 -0.0301246 -0.224473
-0.025608 0.0135614 -0.0714181
-0.0384822 -0.0108615 -0.185585
-0.0203206 -0.0197211 -0.24467
0.00183956 -0.0157395 -0.150801
-0.0396071 -0.0175922 -0.0521849
-0.0104898 -0.000685079 -0.109675
0.0370088 0.00483251 -0.002375
0.043274  -0.01 -0.218812
-0.0232055 -0.0388679 -0.0319646
0.0161965 -0.0440386 -0.23404
0.0156845  0.004 -0.213022
0.0178303 -0.034127 -0.251037
0.0168319 -0.00465844 -0.109531
0.0301521 -0.0332277 -0.0446166
-0.030744 -0.0386035 -0.234834
-0.0410403 0.00375638 -0.225303
0.0315603 -0.0393158 -0.159724
-0.0400024 0.0154455 -0.190467
-0.0337329 -0.027799 -0.0326585
-0.008571570000000001 -0.0223103 -0.032475
0.0432728 0.00411975 -0.0343701
-0.0191245  0.004 -0.194017
-0.0114147 -0.00260032 -0.002375
0.0106834 -0.0218171 -0.254815
0.0161215 -0.00193499 -0.002375
-0.00267773 -0.0448645 -0.129023
0.008405259999999999 0.0429735 -0.00682027
-0.00525317 -0.00397013 -0.118561
0.00719252 0.0436881 -0.0238769
-0.0158156 0.00605388 -0.0909114
-0.0419683 -0.0278893 -0.223376
0.00765286 -0.0118671 -0.137623
0.0373208 0.0191986 -0.237111
-0.0418862 -0.0114141 -0.0393662
0.0380201 -0.0387279 -0.205873
-0.0148478 -0.0375157 -0.00280718
-0.0115794 -0.0261 -0.180589
-0.000594611 -0.0399507 -0.00734959
0.0390682 0.0156878 -0.188687
0.00711151 -0.0452998 -0.142727
0.0349027 -0.0233927 -0.229827
0.0187031 -0.0408646 -0.0445795
-0.0438361 0.00758839 -0.20156
0.0446826 -0.00295532 -0.0405188
0.00204643  0.004 -0.176886
0.00173687 0.0261994 -0.06580129999999999
-0.0458861 -0.0027233 -0.016853
0.0121605 -0.00332053 -0.002375
0.0266806 -0.0366125 -0.0310523
0.00272483 -0.0202748 -0.253206
-0.0285975 0.00377347 -0.235555
-0.0209916 -0.0416034 -0.130912
-0.034511 -0.027848 -0.115952
0.0410129 -0.010124 -0.222117
-0.0153876 -0.0202938 -0.251821
-0.0433135 0.0154304 -0.22131
-0.008231250000000001 -0.0238503 -0.249341
-0.00036283 -0.0121244 -0.133738
-0.0207755 -0.037821 -0.07974199999999999
0.0110355 -0.0474375 -0.188245
0.00393468 -0.0487963 -0.214486
0.0118038 -0.0418453 -0.0429852
-0.0181542  0.004 -0.247799
0.0194523 0.017195 -0.0750821
0.0355775 -0.0257737 -0.0742477
-0.0368789 -0.0281855 -0.136985
0.0116657 -0.0416277 -0.117433
0.0256882 -0.0195186 -0.154395
-0.0338965 -0.0280315 -0.079263
-0.00551459 -0.0395846 -0.250541
0.0375302 -0.0370306 -0.203296
-0.00512097 0.0454454 -0.0224197
0.021537 -0.0046575 -0.243978
-0.0108537 -0.0261 -0.229324
0.0395972 -0.0215398 -0.0591905
-0.0257993 -0.00695341 -0.107091
0.0212739 -0.0338888 -0.0074595
0.0198497 -0.0384313 -0.0989733
0.0440734 0.00662395 -0.198375
-0.00648643 -0.00498136 -0.12029
0.0241806 -0.0211839 -0.247278
0.0306517 -0.0313651 -0.0749354
0.0317346 0.0257261 -0.0423067
0.0396957 -0.00266061 -0.207808
0.0182253 0.0146884 -0.16951
0.0193388 -0.007873049999999999 -0.032475
0.0111046 -0.0475226 -0.190943
-0.00952939 0.0417028 -0.020418
0.000336827 0.0443745 -0.0196748
-0.00885184 -0.0185918 -0.160299
0.00236689 -0.0398479 -0.0167521
-0.0185496 0.02055 -0.07059020000000001
-0.00833368 0.0134617 -0.002375
0.0412396 0.0152358 -0.0149508
0.0219563  0.004 -0.1814
0.0224738 -0.00141186 -0.177411
-0.0456646 0.000371316 -0.213217
-0.0440758 0.00642726 -0.222366
0.03399 -0.027508 -0.238938
0.0153395 -0.00370878 -0.247081
0.0361561 0.00521095 -0.0704366
-0.0181542 -0.0159648 -0.171614
-0.000170014 0.0184805 -0.256354
0.0352013 -0.0124374 -0.234935
-0.0359574 -0.0169255 -0.0316143
0.0369919 -0.0368529 -0.170671
0.0243509 -0.0453887 -0.212249
-0.0379976 -0.0311947 -0.231102
-0.0454686 -0.00672396 -0.0168232
-0.0116249 0.000926246 -0.248364
0.0446719 0.0173477 -0.210191
0.0412005 -0.0345496 -0.193802
0.008065330000000001 0.0389303 -0.0102376
0.00681216 -0.0152316 -0.148565
-0.010005 -0.04266 -0.244233
-0.0433361 -0.00545818 -0.221219
0.0268538 -0.00499119 -0.239895
0.00105505 -0.0399126 -0.0293977
-0.0401509 -0.0266004 -0.187044
0.0278226 0.0249041 -0.0550029
-0.009649120000000001 0.0365887 -0.0463903
0.0233806 -0.0177073 -0.032475
-0.0257303 -0.0393344 -0.237167
0.0272239  0.004 -0.219947
-0.0334324 0.0314334 -0.0192246
0.0392007 -0.0062347 -0.0325064
0.0128907 0.00569372 -0.253263
0.0185874 -0.0352521 -0.032807
0.030419 -0.0335523 -0.0726229
0.0336728 -0.00222666 -0.189144
0.028475 -0.038175 -0.12946
-0.00205642 0.028925 -0.0643966
0.0392394 -0.000158675 -0.216554
-0.0240558 -0.0150109 -0.130688
0.0392028 -0.0205864 -0.0192429
0.00722694 0.0390521 -0.00483699
0.0176766 -0.0137698 -0.14143
0.0396139 -0.00479802 -0.0183808
0.0321978 -0.0190715 -0.137443
0.0390434 -0.0223754 -0.037195
-0.00677972 -0.0149424 -0.141801
0.0103862 -0.0427781 -0.0257739
0.00352058  0.004 -0.185635
0.0166861 -0.0261 -0.207682
0.0178421 -0.0390747 -0.0802242
-0.0184933 -0.0406682 -0.09752570000000001
-0.0397961 -0.00571217 -0.211465
0.0310934 0.0332056 -0.0266101
-0.0133201 -0.0123001 -0.168084
0.0258909 -0.0119043 -0.244508
0.0352251 0.0178476 -0.0308657
-0.0173394 0.0374929 -0.0388471
0.00768866 0.0390798 -0.0212395
0.0412109 0.00752686 -0.0526759
0.0295602 0.0258189 -0.050905
-0.0077883 -0.00459828 -0.249578
0.0423957 -0.0113446 -0.216863
-0.0233819 -0.0261 -0.199554
0.0366899 -0.0233868 -0.0557759
-0.0282189 -0.019447 -0.246175
0.0187255 -0.0316559 -0.002375
-0.0281657 -0.0350015 -0.0399051
0.0324241 0.0129334 -0.032475
-0.0290149 -0.00590454 -0.244509
-0.00607244 0.03305 -0.0540034
0.0295681 -0.0238537 -0.237044
0.0390473 -0.0226983 -0.0670733
-0.00814057 -0.0430254 -0.0338354
0.0171435 0.026193 -0.032475
0.0040968 -0.0444742 -0.04977
-0.0321711 -0.0414363 -0.185
0.039743 -0.0110684 -0.20662
3 643 206 433
3 206 643 90
3 250 165 641
3 938 455 921
3 202 588 324
3 364 678 921
3 324 662 874
3 914 574 888
3 574 316 888
3 206 527 641
3 801 827 939
3 822 426 51
3 662 822 874
3 936 718 625
3 72 643 433
3 718 72 625
3 72 718 90
3 643 72 90
3 250 203 888
3 250 679 165
3 165 679 641
3 679 87 641
3 455 401 921
3 401 455 370
3 185 938 921
3 386 952 324
3 588 386 324
3 386 426 952
3 425 72 433
3 72 425 625
3 678 208 567
3 208 678 364
3 426 486 51
3 934 574 143
3 934 316 574
3 863 527 206
3 135 377 930
3 377 135 700
3 987 377 700
3 82 827 801
3 502 633 143
3 574 593 143
3 426 81 952
3 952 81 324
3 679 842 433
3 842 425 433
3 425 842 277
3 206 998 433
3 836 998 206
3 87 788 641
3 788 206 641
3 788 836 206
3 788 998 836
3 76 801 939
3 76 364 921
3 401 76 921
3 584 455 938
3 860 584 938
3 586 975 938
3 185 586 938
3 586 89 975
3 678 586 921
3 586 185 921
3 89 586 567
3 453 588 202
3 899 453 202
3 453 386 588
3 899 366 514
3 366 899 202
3 366 202 324
3 860 63 514
3 63 860 938
3 975 63 938
3 291 863 206
3 135 255 700
3 255 987 700
3 565 987 541
3 987 565 377
3 436 502 143
3 436 593 502
3 914 484 574
3 484 593 574
3 484 914 888
3 203 484 888
3 484 250 641
3 484 203 250
3 822 463 426
3 463 81 426
3 81 463 822
3 521 822 662
3 521 81 822
3 521 662 324
3 81 521 324
3 454 842 987
3 987 789 541
3 19 788 87
3 788 19 998
3 998 19 433
3 19 679 433
3 679 19 87
3 731 839 392
3 455 708 370
3 584 708 455
3 82 708 827
3 708 82 801
3 708 401 370
3 708 76 401
3 76 708 801
3 827 562 392
3 182 584 860
3 171 678 567
3 586 171 567
3 171 586 678
3 453 560 386
3 386 560 426
3 560 453 899
3 425 578 625
3 578 656 625
3 578 425 277
3 293 135 324
3 514 659 567
3 63 659 514
3 659 89 567
3 89 278 975
3 278 63 975
3 659 278 89
3 278 659 63
3 827 862 939
3 633 862 143
3 862 934 143
3 862 633 502
3 473 468 681
3 316 468 888
3 468 250 888
3 468 679 250
3 449 842 679
3 449 473 842
3 468 449 679
3 449 468 473
3 681 787 541
3 839 787 681
3 851 787 839
3 761 528 860
3 761 860 514
3 366 761 514
3 761 366 324
3 135 761 324
3 761 135 930
3 291 737 863
3 737 206 90
3 718 737 90
3 822 737 874
3 737 936 874
3 936 737 718
3 377 101 930
3 226 101 377
3 255 935 987
3 935 454 987
3 842 935 277
3 454 935 842
3 935 578 277
3 127 101 226
3 101 127 930
3 127 787 930
3 787 127 541
3 70 226 377
3 565 70 377
3 70 127 226
3 70 565 541
3 127 70 541
3 629 62 364
3 76 629 364
3 657 629 939
3 629 76 939
3 593 138 502
3 138 62 502
3 566 657 939
3 862 566 939
3 566 629 657
3 629 566 62
3 593 523 143
3 523 436 143
3 436 523 593
3 527 740 641
3 740 484 641
3 484 740 593
3 740 138 593
3 369 681 541
3 789 369 541
3 842 369 987
3 369 789 987
3 926 731 392
3 731 926 418
3 562 926 392
3 418 926 827
3 926 562 827
3 114 418 860
3 114 731 418
3 445 851 839
3 731 445 839
3 445 731 627
3 418 690 860
3 690 182 860
3 182 690 418
3 307 418 827
3 307 182 418
3 708 307 827
3 307 708 584
3 182 307 584
3 285 899 514
3 285 560 899
3 285 514 567
3 486 285 51
3 208 285 567
3 285 486 426
3 560 285 426
3 476 324 874
3 924 476 874
3 172 924 874
3 751 935 255
3 751 255 135
3 293 751 135
3 839 443 392
3 761 362 627
3 362 761 851
3 362 445 627
3 445 362 851
3 774 787 851
3 761 774 851
3 787 774 930
3 737 798 863
3 121 822 51
3 121 737 822
3 225 291 206
3 737 225 206
3 225 737 291
3 703 862 502
3 703 566 862
3 62 703 502
3 566 703 62
3 138 201 62
3 740 201 138
3 863 201 527
3 201 740 527
3 798 201 863
3 897 473 681
3 369 897 681
3 897 369 473
3 473 440 842
3 440 369 842
3 369 440 473
3 528 36 860
3 36 761 627
3 761 36 528
3 731 36 627
3 751 583 656
3 583 476 924
3 476 583 324
3 583 751 293
3 656 583 625
3 172 583 924
3 583 172 874
3 936 583 874
3 583 936 625
3 935 858 578
3 751 858 935
3 578 858 656
3 858 751 656
3 443 538 316
3 468 452 681
3 452 839 681
3 452 443 839
3 934 670 316
3 670 443 316
3 862 670 934
3 670 862 827
3 670 827 392
3 443 670 392
3 800 761 930
3 774 800 930
3 800 774 761
3 792 121 51
3 121 792 737
3 114 573 731
3 573 36 731
3 573 114 860
3 36 573 860
3 925 293 324
3 583 925 324
3 925 583 293
3 394 468 316
3 538 394 316
3 394 538 468
3 837 538 443
3 452 837 443
3 538 837 468
3 837 452 468
3 201 792 62
3 285 792 51
3 792 285 208
3 62 792 364
3 792 208 364
3 792 798 737
3 792 201 798
Vertices and facets:
- p1220(v26): 0.028 0.036 -0.019
  neighbors: f102 f399 f222 f220 f397 f402 f403
- p732(v25): 0.044 0.018  -0.2
  neighbors: f402 f102 f847 f1023 f1024
- p370(v2): 0.046 0.017 -0.21
  neighbors: f220 f102 f347 f847 f770 f554 f977 f976 f1013 f1277
- p138(v37): 0.021 -0.038 -0.004
  neighbors: f242 f152 f360 f359 f438 f435 f579 f580
- p1331(v30): 0.024 -0.039 -0.027
  neighbors: f152 f455 f453 f579 f790 f791
- p1134(v14):  0.01 -0.044 -0.025
  neighbors: f152 f454 f242 f637 f453 f439 f635 f833 f834
- p1995(v41): 0.028 0.031 -0.0024
  neighbors: f169 f404 f398 f222 f399 f406 f813 f1271
- p364(v22):  0.04 0.008 -0.0024
  neighbors: f169 f182 f356 f561 f562 f1269 f1271
- p1733(v11): 0.041 0.017 -0.0082
  neighbors: f182 f405 f169 f404 f549 f768 f769
- p76(v43): 0.045 -0.0066 -0.017
  neighbors: f775 f182 f347 f556 f550 f561 f783 f554 f549 f773 f979 f1138 f1139
- p924(v44): -0.046 0.011 -0.22
  neighbors: f191 f610 f373 f367 f609 f597 f802 f804
- p583(v16): -0.046 -0.017 -0.21
  neighbors: f805 f191 f294 f293 f804 f963 f964
- p874(v1): -0.046 -0.0038 -0.018
  neighbors: f293 f191 f605 f609
- p1203(v45): -0.032  0.03 -0.0045
  neighbors: f225 f194 f612 f616
- p1120(v24): -0.038 0.022 -0.003
  neighbors: f203 f194 f387 f603 f616 f392 f391 f601 f819 f821
- p952(v12): -0.035  0.03 -0.017
  neighbors: f225 f387 f194 f587 f588
- p1789(v47): -0.044 0.0037 -0.0078
  neighbors: f202 f203 f391 f604 f607
- p1236(v20): -0.043 -0.0064 -0.0067
  neighbors: f202 f344 f343 f607 f608
- p792(v10): -0.041 -0.0091 -0.0024
  neighbors: f203 f602 f343 f202 f342 f601 f820 f1270
- p1130(v50): 0.038 0.026 -0.019
  neighbors: f222 f220 f406 f405 f768 f770
- p1317(v51): -0.023  0.04 -0.017
  neighbors: f593 f587 f225 f612 f807 f808
- p641(v54): -0.012 -0.044 -0.023
  neighbors: f634 f632 f239 f717 f716 f825 f826
- p19(v17): -0.027 -0.045 -0.21
  neighbors: f708 f541 f239 f632 f765 f764 f906 f907
- p788(v7): -0.017 -0.042 -0.023
  neighbors: f340 f542 f546 f239 f541 f826 f828
- p740(v55): 0.0034 -0.044 -0.0054
  neighbors: f242 f435 f636 f635 f645 f823 f824
- p936(v64): -0.046 -0.0064 -0.016
  neighbors: f293 f294 f344 f513 f511 f605 f608
- p625(v35): -0.044 -0.03  -0.2
  neighbors: f330 f294 f729 f727 f511 f535 f534 f962 f963
- p72(v71): -0.042 -0.034 -0.19
  neighbors: f330 f535 f537
- p1622(v21): -0.039 -0.024 -0.016
  neighbors: f537 f536 f512 f345 f330 f544 f543 f727 f728
- p836(v73): -0.023 -0.039 -0.025
  neighbors: f341 f340 f338 f545 f546
- p439(v72): -0.036 -0.039 -0.18
  neighbors: f341 f338 f766 f767
- p1900(v38): -0.039 -0.037 -0.19
  neighbors: f545 f338 f536 f544 f761 f766
- p271(v69): -0.033 -0.041 -0.19
  neighbors: f341 f340 f542 f763 f767
- p1480(v74): -0.042 -0.012 -0.0049
  neighbors: f342 f343 f344 f345 f512 f513
- p737(v40): -0.039 -0.02 -0.0024
  neighbors: f345 f547 f342 f543 f648 f1268 f1270
- p1706(v75): 0.045 0.003 -0.026
  neighbors: f347 f550 f772 f976 f978
- p1922(v77): 0.033 -0.029 -0.0039
  neighbors: f356 f776 f578 f359 f360 f562 f774 f797 f798
- p62(v4): 0.029 -0.032 -0.0024
  neighbors: f359 f356 f438 f1269 f1272
- p1369(v68): 0.027 -0.035 -0.0057
  neighbors: f360 f578 f580
- p1233(v79): -0.045 0.017 -0.21
  neighbors: f367 f590 f589 f606 f610
- p135(v5): -0.042 0.019 -0.23
  neighbors: f412 f939 f592 f938 f367 f589 f373 f407 f411 f948 f1216 f1217
- p293(v80): -0.044 -0.0037 -0.22
  neighbors: f373 f599 f597 f1216 f1218
- p81(v84): -0.039 0.025 -0.02
  neighbors: f387 f392 f588 f591
- p521(v85): -0.042 0.019 -0.021
  neighbors: f391 f392 f591 f590 f604 f606
- p567(v86): 0.0088 0.043 -0.0053
  neighbors: f396 f397 f398 f399
- p659(v49): 0.0099 0.045 -0.02
  neighbors: f403 f397 f396 f401 f421 f622 f623
- p854(v6): 0.0065 0.043 -0.0033
  neighbors: f421 f396 f398 f813 f814
- p63(v87): 0.013 0.043 -0.03
  neighbors: f403 f401 f402 f1023 f1025
- p1374(v13): 0.0097 0.044 -0.03
  neighbors: f401 f624 f622 f1025 f1026
- p921(v88):  0.04 0.019 -0.0092
  neighbors: f404 f405 f406
- p386(v89): -0.018 0.042 -0.02
  neighbors: f407 f593 f592 f807 f998 f1148 f1149
- p1506(v27): -0.013 0.044 -0.024
  neighbors: f411 f407 f997 f998
- p588(v90): -0.01 0.045 -0.026
  neighbors: f411 f412 f997 f1147 f1150
- p1204(v52): -0.0069 0.045 -0.029
  neighbors: f412 f627 f484 f483 f940 f939 f1150 f1151
- p1109(v91): 0.0041 0.046 -0.022
  neighbors: f625 f484 f623 f421 f627 f814 f1000 f1001
- p201(v94): 0.00046 -0.043 -0.0024
  neighbors: f438 f435 f822 f823 f1272 f1273
- p887(v95): 0.012 -0.048 -0.19
  neighbors: f439 f639 f637 f657 f925 f926
- p1641(v29): 0.022 -0.046  -0.2
  neighbors: f439 f657 f832 f833
- p502(v98): 0.019 -0.041 -0.032
  neighbors: f453 f454 f455
- p143(v57): 0.029 -0.044  -0.2
  neighbors: f834 f455 f790 f454 f830 f988 f989
- p1684(v103):  0.01  0.02 -0.26
  neighbors: f625 f624 f483 f695 f1027 f484 f873 f1026 f1164 f1163 f1170 f1171
- p818(v60): -0.0071  0.02 -0.26
  neighbors: f483 f1161 f873 f940 f936 f1065 f1160 f1179 f1180
- p718(v109): -0.045 -0.0086 -0.018
  neighbors: f513 f511 f512 f728 f729
- p1323(v114): -0.04 -0.036  -0.2
  neighbors: f537 f761 f534 f535 f536 f750 f973 f975
- p425(v9): -0.042 -0.032 -0.22
  neighbors: f752 f534 f750 f960 f962
- p87(v115): -0.03 -0.043  -0.2
  neighbors: f542 f541 f763 f765
- p1719(v116): -0.028 -0.034 -0.004
  neighbors: f543 f544 f545 f546 f547 f828 f829
- p1985(v19): -0.015 -0.038 -0.0024
  neighbors: f547 f648 f827 f829
- p1736(v117): 0.043 0.012 -0.017
  neighbors: f549 f550 f769 f772
- p455(v118): 0.046 0.017 -0.21
  neighbors: f554 f556 f1276 f1277
- p708(v76): 0.046 0.008 -0.21
  neighbors: f783 f556 f1155 f1156 f1276
- p1455(v120): 0.039 -0.0096 -0.0044
  neighbors: f561 f562 f773 f774
- p1433(v121): 0.043 -0.017 -0.019
  neighbors: f777 f573 f566 f775 f1137 f1138
- p1555(v78): 0.042 -0.019 -0.02
  neighbors: f566 f572 f573
- p657(v42):  0.04 -0.023 -0.018
  neighbors: f566 f777 f572 f776 f797 f1142 f1143
- p1514(v122): 0.042 -0.032 -0.19
  neighbors: f1137 f992 f1135 f572 f573 f1140 f1142
- p1470(v123): 0.031 -0.033 -0.02
  neighbors: f578 f579 f580 f791 f798 f799
- p404(v124): -0.043  0.02 -0.19
  neighbors: f587 f588 f589 f590 f591 f592 f593
- p1577(v126): -0.045 -0.0013 -0.22
  neighbors: f597 f600 f599 f802 f803
- p925(v125): -0.044 -0.0048 -0.22
  neighbors: f600 f599 f1218 f1221
- p324(v81): -0.045 -0.0012 -0.22
  neighbors: f600 f806 f803 f1220 f1221
- p236(v127): -0.037 0.0073 -0.0024
  neighbors: f601 f602 f603
- p1906(v83): -0.033 0.015 -0.0024
  neighbors: f603 f602 f820 f821
- p662(v128): -0.045 0.00017 -0.015
  neighbors: f604 f605 f606 f607 f608 f609 f610
- p560(v129): -0.012 0.042 -0.0029
  neighbors: f808 f612 f616 f819 f1004 f1145 f1146
- p514(v130): 0.0067 0.045 -0.022
  neighbors: f622 f623 f624 f625
- p899(v131): -0.0045 0.046 -0.022
  neighbors: f1000 f627 f1144 f1151
- p1979(v132): -0.022 -0.046  -0.2
  neighbors: f632 f634 f907 f910
- p165(v92): -0.018 -0.047  -0.2
  neighbors: f634 f716 f910 f911
- p484(v133): 0.0034 -0.046 -0.021
  neighbors: f635 f636 f637 f638 f639
- p1377(v93): 0.00039 -0.046 -0.018
  neighbors: f638 f636 f645 f641 f923 f924
- p914(v56): 0.0083 -0.048  -0.2
  neighbors: f638 f639 f924 f925
- p1124(v134): -0.0013 -0.046 -0.017
  neighbors: f717 f641 f825 f645 f824 f905 f1106 f1108
- p1582(v3): -0.0025 -0.049 -0.21
  neighbors: f641 f900 f904 f923 f899 f921 f1106 f1107
- p1911(v135): -0.0052 -0.041 -0.0024
  neighbors: f648 f822 f827 f1268 f1273
- p316(v136): 0.024 -0.045 -0.22
  neighbors: f832 f724 f693 f691 f657 f658 f831 f920 f926
- p1268(v63): 0.011 -0.045 -0.24
  neighbors: f724 f1084 f916 f658 f917 f1093 f1094
- p1948(v34):  0.02 -0.043 -0.24
  neighbors: f693 f692 f658 f1094 f1095
- p1774(v137): 0.032 0.0092 -0.24
  neighbors: f839 f666 f835 f859 f860
- p75(v58): 0.031 0.018 -0.24
  neighbors: f835 f695 f666 f694 f1027 f1028
- p36(v31): 0.027 0.014 -0.25
  neighbors: f694 f666 f859 f1244 f1243 f1248 f1249
- p562(v139): 0.035 -0.032 -0.24
  neighbors: f673 f674 f675 f1033 f1034
- p827(v59): 0.038 -0.032 -0.23
  neighbors: f689 f688 f675 f673 f778 f789 f1010 f1011
- p307(v32):  0.04 -0.021 -0.23
  neighbors: f674 f684 f1010 f1007 f673 f1041 f1043
- p926(v100): 0.034 -0.027 -0.24
  neighbors: f674 f684 f855 f1034 f1035
- p670(v101): 0.027 -0.041 -0.24
  neighbors: f689 f692 f675 f1033 f1095 f1195 f1196
- p418(v141): 0.037 -0.021 -0.24
  neighbors: f855 f684 f685 f687 f854 f865 f1041 f1042
- p1861(v140): 0.032 -0.0052 -0.24
  neighbors: f839 f838 f687 f685 f860 f1250 f1251
- p114(v99): 0.038 0.0017 -0.24
  neighbors: f685 f867 f838 f865 f1030 f1032
- p1653(v15): 0.027 -0.028 -0.25
  neighbors: f1193 f854 f1038 f687 f1250 f1255
- p443(v142): 0.029 -0.041 -0.23
  neighbors: f688 f689 f690 f691 f692 f693
- p1645(v8): 0.037 -0.039 -0.22
  neighbors: f985 f690 f778 f688 f990 f991
- p1133(v97): 0.032 -0.042 -0.22
  neighbors: f831 f691 f690 f830 f988 f990
- p1688(v143): 0.011 0.019 -0.26
  neighbors: f694 f695 f1080 f1170 f1168 f1246 f1248
- p1746(v145): -0.024 -0.045 -0.22
  neighbors: f901 f708 f898 f893 f906 f908
- p1611(v70): -0.036 -0.039 -0.22
  neighbors: f764 f898 f968 f708 f967 f972 f974
- p1282(v146): -0.013 -0.048 -0.21
  neighbors: f905 f904 f900 f716 f717 f909 f911
- p468(v147): -0.0016 -0.047 -0.24
  neighbors: f1101 f920 f917 f724 f1199 f1201
- p1834(v148): -0.042 -0.018 -0.025
  neighbors: f727 f728 f729
- p1504(v151): -0.025 -0.029 -0.25
  neighbors: f1125 f959 f742 f741 f1227 f1262 f1263
- p1336(v112): -0.02 -0.038 -0.25
  neighbors: f742 f758 f741 f971 f970 f1102 f1103
- p1725(v33): -0.014 -0.031 -0.25
  neighbors: f758 f871 f741 f959 f1175 f1237 f1239
- p1537(v66): -0.029 -0.036 -0.24
  neighbors: f971 f742 f1130 f1225 f1227
- p1815(v153): -0.04 -0.034 -0.22
  neighbors: f750 f967 f752 f753 f966 f974 f975
- p858(v152): -0.042 -0.029 -0.22
  neighbors: f1113 f753 f752 f961 f960 f1121 f1212 f1214
- p277(v111): -0.038 -0.032 -0.23
  neighbors: f966 f1113 f753 f1131 f1222 f1223
- p1899(v154): -0.012 -0.038 -0.25
  neighbors: f1091 f1089 f758 f872 f871 f1103 f1104
- p433(v155): -0.037 -0.039 -0.21
  neighbors: f761 f767 f763 f764 f765 f766 f972 f973
- p1812(v156): 0.041  0.02 -0.024
  neighbors: f768 f769 f770 f772 f977 f978
- p629(v157): 0.043 -0.014 -0.016
  neighbors: f773 f774 f775 f776 f777
- p1603(v158):  0.04 -0.031 -0.22
  neighbors: f778 f789 f983 f985
- p1841(v159): 0.045 -0.019 -0.21
  neighbors: f783 f987 f979 f789 f983 f1011 f1154 f1156
- p933(v160): 0.037 -0.038 -0.19
  neighbors: f790 f791 f799 f989 f994
- p566(v161): 0.037 -0.028 -0.017
  neighbors: f797 f798 f799 f994 f1141 f1143
- p476(v162): -0.046 -0.00019 -0.22
  neighbors: f802 f803 f804 f805 f806
- p656(v36): -0.044 -0.022 -0.22
  neighbors: f964 f1213 f806 f961 f805 f1212 f1219 f1220
- p1063(v163): -0.015 0.043 -0.016
  neighbors: f807 f808 f1145 f1148
- p285(v164): -0.0035 0.044 -0.0024
  neighbors: f813 f814 f821 f820 f819 f1001 f1004 f1268 f1269 f1270 f1271 f1272 f1273
- p1672(v165): -0.0085 -0.043 -0.0024
  neighbors: f822 f823 f824 f825 f826 f827 f828 f829
- p934(v166): 0.026 -0.045  -0.2
  neighbors: f830 f831 f832 f833 f834
- p860(v167): 0.035 0.012 -0.24
  neighbors: f835 f839 f838 f1028 f1030
- p584(v169): 0.045 0.017 -0.22
  neighbors: f1006 f1013 f1029 f847 f1024 f1152 f1153
- p392(v170):  0.03 -0.03 -0.24
  neighbors: f855 f854 f1035 f1038
- p573(v171): 0.027  0.01 -0.25
  neighbors: f859 f860 f1243 f1251 f1253
- p1187(v172): 0.038 -0.002 -0.24
  neighbors: f867 f865 f1042 f1157 f1159
- p1786(v168): 0.042 -0.00078 -0.23
  neighbors: f867 f1007 f1032 f1005 f1031 f1043 f1157 f1158
- p541(v173): -0.0082 -0.028 -0.26
  neighbors: f872 f871 f880 f1063 f1175 f1176
- p787(v144): 0.0041 -0.031 -0.26
  neighbors: f1090 f872 f1059 f880 f1057 f1089 f1182 f1183
- p1961(v174): -0.0023 0.016 -0.26
  neighbors: f873 f1065 f1163 f1264 f1266
- p774(v175): 0.0016 -0.022 -0.26
  neighbors: f1063 f1057 f880 f1232 f1236
- p1938(v178): -0.021 -0.044 -0.24
  neighbors: f893 f969 f968 f898 f1100 f1197 f1198
- p1383(v104): -0.0071 -0.048 -0.23
  neighbors: f921 f901 f893 f899 f1197 f1200
- p1240(v179): -0.013 -0.048 -0.21
  neighbors: f899 f900 f901 f908 f909
- p1287(v180): -0.0063 -0.049 -0.21
  neighbors: f905 f904 f1107 f1108
- p679(v181): -0.024 -0.046 -0.21
  neighbors: f906 f907 f908 f909 f910 f911
- p1716(v183): 0.0014 -0.044 -0.24
  neighbors: f916 f917 f1101 f1105
- p897(v108): -0.0058 -0.04 -0.25
  neighbors: f1092 f1091 f916 f1084 f1104 f1105
- p888(v184): 0.0028 -0.049 -0.22
  neighbors: f920 f921 f926 f923 f924 f925 f1200 f1201
- p1877(v186): -0.031 0.0081 -0.24
  neighbors: f1110 f1127 f935 f934 f956 f1126 f1202 f1204
- p377(v150): -0.021 0.017 -0.25
  neighbors: f937 f1160 f935 f936 f955 f934 f1240 f1241
- p1343(v110): -0.026 0.0092 -0.25
  neighbors: f934 f955 f956
- p1026(v149): -0.039 0.018 -0.23
  neighbors: f938 f937 f935 f954 f948 f1110 f1112
- p1859(v187): -0.021  0.02 -0.25
  neighbors: f936 f937 f938 f939 f940
- p1816(v188): -0.041 -0.012 -0.23
  neighbors: f948 f1217 f954 f1215 f1257 f1259
- p1832(v189): -0.039 -0.012 -0.23
  neighbors: f1112 f1111 f954 f1259 f1260
- p1004(v190): -0.025 -0.011 -0.25
  neighbors: f955 f956 f959 f1126 f1125 f1239 f1240
- p578(v191): -0.043 -0.029 -0.22
  neighbors: f960 f961 f962 f963 f964
- p842(v192): -0.031 -0.038 -0.24
  neighbors: f971 f966 f967 f968 f969 f970 f1130 f1131
- p449(v61): -0.018 -0.043 -0.24
  neighbors: f970 f969 f1100 f1102
- p1605(v193): -0.037 -0.039 -0.21
  neighbors: f972 f973 f974 f975
- p401(v194): 0.045 0.0044 -0.028
  neighbors: f976 f977 f978
- p1403(v195): 0.044 -0.024  -0.2
  neighbors: f979 f987 f1136 f1139
- p462(v196): 0.042 -0.03  -0.2
  neighbors: f983 f987 f985 f992 f991 f1135 f1136
- p862(v197): 0.038 -0.039  -0.2
  neighbors: f988 f989 f990 f991 f992 f994 f1140 f1141
- p1313(v198): -0.012 0.044 -0.023
  neighbors: f998 f997 f1147 f1149
- p550(v199): -0.0042 0.044 -0.0033
  neighbors: f1000 f1001 f1004 f1144 f1146
- p1076(v200): 0.045 -0.015 -0.22
  neighbors: f1005 f1006 f1007 f1011 f1010 f1152 f1154
- p1393(v138): 0.044 0.012 -0.22
  neighbors: f1006 f1005 f1029 f1031
- p1711(v201): 0.046 0.013 -0.21
  neighbors: f1013 f1153 f1155 f1276 f1277
- p1994(v203):  0.04 0.019 -0.23
  neighbors: f1023 f1024 f1025 f1026 f1027 f1028 f1029 f1030 f1031 f1032
- p1915(v204): 0.031 -0.032 -0.24
  neighbors: f1033 f1034 f1035 f1038 f1193 f1195
- p690(v205): 0.039 -0.0075 -0.23
  neighbors: f1041 f1042 f1043 f1158 f1159
- p800(v209): 0.0066 -0.0078 -0.26
  neighbors: f1057 f1165 f1059 f1171 f1164 f1169 f1232 f1233
- p851(v176): 0.014 -0.022 -0.25
  neighbors: f1059 f1169 f1168 f1080 f1182 f1184
- p127(v210): -0.0082 -0.014 -0.26
  neighbors: f1063 f1178 f1065 f1181 f1180 f1176 f1236 f1266 f1267
- p445(v212): 0.018 -0.016 -0.25
  neighbors: f1185 f1184 f1080 f1247 f1192 f1246 f1252 f1256
- p1721(v213): 0.0037 -0.04 -0.25
  neighbors: f1084 f1092 f1093
- p681(v214): 0.0076 -0.038 -0.25
  neighbors: f1089 f1090 f1091 f1092 f1093 f1094 f1095 f1194 f1196
- p1165(v211): 0.013 -0.033 -0.25
  neighbors: f1185 f1183 f1090 f1192 f1194
- p473(v215): -0.015 -0.044 -0.24
  neighbors: f1105 f1104 f1100 f1101 f1102 f1103 f1198 f1199
- p203(v216): -0.0052 -0.049  -0.2
  neighbors: f1106 f1107 f1108
- p255(v217): -0.037 0.004 -0.24
  neighbors: f1112 f1110 f1111 f1203 f1204
- p700(v65): -0.036 -0.0028 -0.24
  neighbors: f1111 f1203 f1127 f1202 f1260 f1261
- p1110(v218): -0.039 -0.029 -0.23
  neighbors: f1113 f1121 f1222 f1224
- p751(v219): -0.043 -0.02 -0.23
  neighbors: f1219 f1214 f1121 f1213 f1215 f1224 f1257 f1258
- p987(v220): -0.028 -0.018 -0.25
  neighbors: f1125 f1126 f1127 f1261 f1262
- p935(v221): -0.038 -0.032 -0.23
  neighbors: f1130 f1131 f1223 f1225
- p1586(v222): 0.042 -0.031 -0.19
  neighbors: f1135 f1136 f1137 f1138 f1139
- p939(v223): 0.041 -0.033 -0.19
  neighbors: f1140 f1141 f1142 f1143
- p453(v224): -0.0095 0.045 -0.022
  neighbors: f1144 f1145 f1146 f1147 f1148 f1149 f1150 f1151
- p1516(v225): 0.045 -0.012 -0.22
  neighbors: f1152 f1153 f1154 f1155 f1156
- p182(v226): 0.041 -0.0032 -0.23
  neighbors: f1157 f1158 f1159
- p1777(v227): -0.015 0.0072 -0.25
  neighbors: f1160 f1161 f1241 f1242
- p1322(v206): -0.013 0.0027 -0.25
  neighbors: f1178 f1181 f1179 f1161 f1238 f1242
- p761(v228): 0.005 0.0092 -0.26
  neighbors: f1163 f1164 f1165 f1231 f1264 f1265
- p1715(v208): 0.005 0.0002 -0.26
  neighbors: f1165 f1231 f1233
- p1270(v229): 0.0097 0.0094 -0.26
  neighbors: f1168 f1169 f1170 f1171
- p565(v231): -0.0099 -0.022 -0.26
  neighbors: f1175 f1176 f1178 f1237 f1238
- p1686(v232): -0.009 0.00075 -0.26
  neighbors: f1179 f1180 f1181
- p1156(v233): 0.013 -0.027 -0.25
  neighbors: f1182 f1183 f1184 f1185
- p839(v235): 0.018 -0.033 -0.25
  neighbors: f1196 f1192 f1193 f1194 f1195 f1255 f1256
- p1301(v236): -0.0044 -0.048 -0.23
  neighbors: f1197 f1198 f1199 f1200 f1201
- p1869(v237): -0.035 -0.00023 -0.24
  neighbors: f1202 f1203 f1204
- p1335(v239): -0.042 -0.029 -0.22
  neighbors: f1212 f1213 f1214
- p1963(v240): -0.043 -0.016 -0.23
  neighbors: f1215 f1216 f1217 f1218 f1219 f1220 f1221
- p1115(v241): -0.038 -0.029 -0.23
  neighbors: f1222 f1223 f1224 f1225 f1227 f1258 f1263
- p930(v242): -0.00021 -0.0055 -0.26
  neighbors: f1231 f1232 f1233 f1236 f1265 f1267
- p1340(v243): -0.015 -0.0079 -0.25
  neighbors: f1237 f1238 f1239 f1240 f1241 f1242
- p1602(v244): 0.027 0.011 -0.25
  neighbors: f1243 f1244 f1253 f1254
- p362(v234):  0.02 -0.012 -0.25
  neighbors: f1249 f1247 f1244 f1252 f1254
- p627(v245): 0.018 -0.00074 -0.25
  neighbors: f1246 f1247 f1248 f1249
- p731(v246): 0.024 -0.025 -0.25
  neighbors: f1250 f1251 f1252 f1253 f1254 f1255 f1256
- p1886(v247): -0.039 -0.017 -0.23
  neighbors: f1257 f1258 f1259 f1260 f1261 f1262 f1263
- p70(v248): -0.0013 0.0075 -0.26
  neighbors: f1264 f1265 f1266 f1267
- f102
    - flags: top simplicial
    - normal:    0.6331   0.7738 -0.01952
    - offset: -0.04618501
    - vertices: p1220(v26) p732(v25) p370(v2)
    - neighboring facets: f847 f220 f402
- f152
    - flags: top simplicial
    - normal:    0.3923  -0.9172   0.0701
    - offset: -0.04306862
    - vertices: p138(v37) p1331(v30) p1134(v14)
    - neighboring facets: f453 f242 f579
- f169
    - flags: bottom simplicial tested
    - normal:    0.7187   0.3804    0.582
    - offset: -0.03068219
    - center: 0.03642134740948677 0.01844686487068732 -0.004317376917848987
    - vertices: p1995(v41) p364(v22) p1733(v11)
    - neighboring facets: f182 f404 f1271
    - ridges:
- f182
    - flags: top simplicial tested
    - normal:    0.9694   0.1243   0.2117
    - offset: -0.03965152
    - center: 0.04214367642998695 0.00595862294236819 -0.009180414257571101
    - vertices: p76(v43) p364(v22) p1733(v11)
    - neighboring facets: f169 f549 f561
- f191
    - flags: bottom simplicial
    - normal:   -0.6972  -0.7147  0.05583
    - offset: -0.04288652
    - center: -0.03296843333333334 -0.03364306666666667 -0.07422583333333334
    - vertices: p643(v31) p206(v29) p90(v16)
    - neighboring facets: f663 f252 f122
- f127
    - flags: top simplicial
    - normal:   -0.7709    0.609   0.1867
    - offset: -0.04202312
    - center: -0.03488640735546748 0.02730335667729378 -0.008025245896230141
    - vertices: p1203(v45) p1120(v24) p952(v12)
    - neighboring facets: f387 f225 f616
- f202
    - flags: bottom simplicial
    - normal:   -0.8743  0.02229   0.4849
    - offset: -0.03446866
    - center: -0.04263399417201678 -0.003909797252466281 -0.005603362418090301
    - vertices: p1789(v47) p1236(v20) p792(v10)
    - neighboring facets: f343 f203 f607
- f203
    - flags: top simplicial
    - normal:   -0.7954  0.08679   0.5999
    - offset: -0.03037714
    - vertices: p1789(v47) p1120(v24) p792(v10)
    - neighboring facets: f601 f202 f391
- f220
    - flags: top simplicial
    - normal:    0.7245   0.6893 -0.002711
    - offset: -0.04540328
    - vertices: p1130(v50) p1220(v26) p370(v2)
    - neighboring facets: f102 f770 f222
- f222
    - flags: top simplicial
    - normal:    0.7022     0.68    0.211
    - offset: -0.04033446
    - vertices: p1130(v50) p1995(v41) p1220(v26)
    - neighboring facets: f399 f220 f406
- f225
    - flags: top simplicial
    - normal:     -0.63   0.7646   0.1361
    - offset: -0.04254541
    - vertices: p1317(v51) p1203(v45) p952(v12)
    - neighboring facets: f194 f587 f612
- f239
    - flags: top simplicial
    - normal:   -0.3082  -0.9509  0.02786
    - offset: -0.04494808
    - center: -0.0187573650230964 -0.04367656136552493 -0.08490898708502452
    - vertices: p641(v54) p19(v17) p788(v7)
    - neighboring facets: f541 f826 f632
- f242
    - flags: top simplicial
    - normal:    0.2853  -0.9487   0.1361
    - offset: -0.04171071
    - center: 0.01169405194620292 -0.04210395241777103 -0.01154090200240413
    - vertices: p740(v55) p138(v37) p1134(v14)
    - neighboring facets: f152 f635 f435
- f293
    - flags: top simplicial
    - normal:   -0.9968 -0.07949 0.005251
    - offset: -0.04580557
    - vertices: p936(v64) p583(v16) p874(v1)
    - neighboring facets: f191 f605 f294
- f294
    - flags: top simplicial
    - normal:   -0.9871  -0.1598 0.009722
    - offset: -0.04580281
    - vertices: p936(v64) p625(v35) p583(v16)
    - neighboring facets: f963 f293 f511
- f330
    - flags: top simplicial
    - normal:   -0.9177  -0.3959  0.03405
    - offset: -0.04493719
    - vertices: p72(v71) p625(v35) p1622(v21)
    - neighboring facets: f727 f537 f535
- f338
    - flags: top simplicial
    - normal:   -0.6115  -0.7898  0.04829
    - offset: -0.04395829
    - vertices: p836(v73) p439(v72) p1900(v38)
    - neighboring facets: f766 f545 f341
- f340
    - flags: bottom simplicial
    - normal:   -0.4695  -0.8821  0.03892
    - offset: -0.04451984
    - vertices: p836(v73) p271(v69) p788(v7)
    - neighboring facets: f542 f546 f341
- f341
    - flags: bottom simplicial
    - normal:    0.8372   0.3671   0.4053
    - offset: -0.03405968
    - center: 0.03867153333333333 0.01254339933333334 -0.007208166666666667
    - vertices: p678(v40) p364(v22) p921(v12)
    - neighboring facets: f412 f430 f326
- f178
    - flags: bottom simplicial
    - normal:   -0.9869   0.1609  0.01523
    - offset:  -0.044588
    - center: -0.04557536666666667 0.005442100333333331 -0.08297136666666667
    - vertices: p662(v43) p324(v5) p874(v0)
    - neighboring facets: f762 f231 f545
- f191
    - flags: top simplicial
    - normal:    0.1173  -0.9929    0.018
    - offset: -0.04505258
    - center: 0.01016382666666667 -0.04781843333333333 -0.2011326666666667
    - vertices: p914(v45) p574(v25) p888(v2)
    - neighboring facets: f193 f534 f532
- f193
    - flags: bottom simplicial
    - normal:    0.1502  -0.9886 -0.005402
    - offset: -0.04999152
    - vertices: p316(v46) p574(v25) p888(v2)
    - neighboring facets: f191 f630 f332
- f205
    - flags: bottom simplicial tested
    - normal:   -0.3577  -0.9125   0.1984
    - offset: -0.03956912
    - center: -0.01449479666666667 -0.0414736 -0.0174496
    - vertices: p527(v47) p206(v29) p641(v7)
    - neighboring facets: f403 f713 f347
- f214
    - flags: bottom simplicial
    - normal:    0.9895  -0.1428 -0.02285
    - offset: -0.05012921
    - vertices: p827(v49) p801(v42) p939(v8)
    - neighboring facets: f409 f618 f365
- f229
    - flags: top simplicial tested
    - normal:   -0.5175    0.251    0.818
    - offset: -0.01879799
    - center: -0.03441856666666667 0.0201359 -0.004972740000000002
    - vertices: p822(v51) p426(v44) p51(v24)
    - neighboring facets: f328 f798 f540
- f231
    - flags: bottom simplicial tested
    - normal:   -0.9098 -0.03891   0.4132
    - offset: -0.03489143
    - center: -0.04449373333333334 0.003224133666666666 -0.01322675333333334
    - vertices: p822(v51) p662(v43) p874(v0)
    - neighboring facets: f178 f666 f543
- f237
    - flags: top simplicial
    - normal:   -0.9867  -0.1622  0.01064
    - offset: -0.04577549
    - center: -0.04479546666666667 -0.01486191 -0.07848563333333333
    - vertices: p936(v52) p718(v30) p625(v15)
    - neighboring facets: f250 f836 f668
- f249
    - flags: top simplicial
    - normal:    0.4238    0.892   0.1575
    - offset: -0.04111585
    - vertices: p567(v86) p659(v49) p1220(v26)
    - neighboring facets: f403 f399 f396
- f398
    - flags: top simplicial
    - normal:     0.464   0.8286   0.3132
    - offset: -0.03793546
    - center: 0.01452777689943711 0.03902290823558966 -0.003639278002083302
    - vertices: p567(v86) p1995(v41) p854(v6)
    - neighboring facets: f813 f396 f399
- f399
    - flags: bottom simplicial
    - normal:    0.4782   0.8389   0.2597
    - offset: -0.0387844
    - vertices: p567(v86) p1995(v41) p1220(v26)
    - neighboring facets: f222 f397 f398
- f401
    - flags: top simplicial
    - normal:   -0.8702  -0.4898  0.05314
    - offset: -0.0424448
    - center: -0.04017096666666666 -0.02352058999999999 -0.07588640000000001
    - vertices: p72(v54) p718(v30) p90(v16)
    - neighboring facets: f665 f252 f250
- f252
    - flags: bottom simplicial
    - normal:    0.4508   0.8914 -0.04667
    - offset: -0.04578158
    - vertices: p63(v87) p1220(v26) p732(v25)
    - neighboring facets: f102 f1023 f403
- f403
    - flags: bottom simplicial
    - normal:    0.4321   0.9017 -0.01486
    - offset: -0.04501238
    - vertices: p63(v87) p659(v49) p1220(v26)
    - neighboring facets: f397 f402 f401
- f404
    - flags: bottom simplicial
    - normal:    0.7715   0.5054   0.3865
    - offset: -0.03649408
    - vertices: p921(v88) p1995(v41) p1733(v11)
    - neighboring facets: f169 f405 f406
- f405
    - flags: top simplicial
    - normal:    0.8764   0.4471   0.1788
    - offset: -0.04149094
    - vertices: p921(v88) p1130(v50) p1733(v11)
    - neighboring facets: f768 f404 f406
- f406
    - flags: bottom simplicial
    - normal:    0.7745   0.5628   0.2888
    - offset: -0.0385812
    - vertices: p921(v88) p1130(v50) p1995(v41)
    - neighboring facets: f222 f404 f405
- f407
    - flags: bottom simplicial
    - normal:   -0.3491   0.9349 -0.06489
    - offset: -0.0470229
    - vertices: p386(v89) p1506(v27) p135(v5)
    - neighboring facets: f411 f592 f998
- f411
    - flags: top simplicial
    - normal:   -0.3184   0.9453 -0.07047
    - offset: -0.04721773
    - vertices: p588(v90) p1506(v27) p135(v5)
    - neighboring facets: f407 f412 f997
- f412
    - flags: bottom simplicial
    - normal:   -0.1803   0.9789 -0.09613
    - offset: -0.04796638
    - vertices: p588(v90) p1204(v52) p135(v5)
    - neighboring facets: f939 f411 f1150
- f421
    - flags: top simplicial
    - normal:   0.09004     0.99   0.1082
    - offset: -0.04317451
    - center: 0.006837010538826386 0.04460681726535162 -0.01483003849474092
    - vertices: p1109(v91) p659(v49) p854(v6)
    - neighboring facets: f396 f814 f623
- f435
    - flags: bottom simplicial tested
    - normal:     0.216  -0.8248   0.5226
    - offset: -0.03396021
    - center: 0.008424228018460177 -0.04145980129639308 -0.003930037142708895
    - vertices: p201(v94) p740(v55) p138(v37)
    - neighboring facets: f242 f438 f823
- f438
    - flags: bottom simplicial tested
    - normal:    0.1552  -0.4023   0.9022
    - offset: -0.01505257
    - center: 0.0168393790954724 -0.03745094562570254 -0.002913521447529395
    - vertices: p201(v94) p138(v37) p62(v4)
    - neighboring facets: f359 f1272 f435
    - ridges:
- f439
    - flags: bottom simplicial
    - normal:    0.1809  -0.9833  0.01932
    - offset: -0.0451214
    - vertices: p887(v95) p1641(v29) p1134(v14)
    - neighboring facets: f833 f637 f657
- f453
    - flags: bottom simplicial
    - normal:    0.3912  -0.9187  0.05505
    - offset: -0.04350366
    - vertices: p502(v98) p1331(v30) p1134(v14)
    - neighboring facets: f152 f454 f455
- f454
    - flags: top simplicial
    - normal:    0.3784  -0.9249  0.03624
    - offset: -0.04412549
    - vertices: p502(v98) p143(v57) p1134(v14)
    - neighboring facets: f834 f453 f455
- f455
    - flags: bottom simplicial
    - normal:    0.4055  -0.9133  0.03784
    - offset: -0.04409849
    - vertices: p502(v98) p143(v57) p1331(v30)
    - neighboring facets: f790 f453 f454
- f483
    - flags: bottom simplicial
    - normal:  -0.00822   0.9939  -0.1102
    - offset: -0.04786008
    - vertices: p1684(v103) p818(v60) p1204(v52)
    - neighboring facets: f940 f484 f873
- f484
    - flags: top simplicial
    - normal:  0.008673    0.994  -0.1089
    - offset: -0.04771264
    - vertices: p1684(v103) p1109(v91) p1204(v52)
    - neighboring facets: f627 f483 f625
- f511
    - flags: bottom simplicial
    - normal:   -0.9834  -0.1812  0.01249
    - offset: -0.04572405
    - vertices: p718(v109) p936(v64) p625(v35)
    - neighboring facets: f294 f729 f513
- f512
    - flags: top simplicial
    - normal:   -0.9312  -0.3437    0.121
    - offset: -0.04283424
    - vertices: p718(v109) p1480(v74) p1622(v21)
    - neighboring facets: f345 f728 f513
- f513
    - flags: bottom simplicial
    - normal:   -0.9532  -0.2642   0.1466
    - offset: -0.04268143
    - vertices: p718(v109) p1480(v74) p936(v64)
    - neighboring facets: f344 f511 f512
- f534
    - flags: bottom simplicial
    - normal:   -0.9068  -0.4206 -0.02796
    - offset: -0.05756151
    - vertices: p1323(v114) p625(v35) p425(v9)
    - neighboring facets: f962 f750 f535
- f535
    - flags: bottom simplicial
    - normal:   -0.9044  -0.4265  0.01192
    - offset: -0.04968133
    - vertices: p1323(v114) p72(v71) p625(v35)
    - neighboring facets: f330 f534 f537
- f536
    - flags: bottom simplicial
    - normal:   -0.7558  -0.6529  0.04932
    - offset: -0.04437479
    - vertices: p1323(v114) p1900(v38) p1622(v21)
    - neighboring facets: f544 f537 f761
- f537
    - flags: top simplicial
    - normal:    -0.863  -0.5037  0.03969
    - offset: -0.04523311
    - vertices: p1323(v114) p72(v71) p1622(v21)
    - neighboring facets: f330 f536 f535
- f541
    - flags: bottom simplicial
    - normal:   -0.8486  -0.5285 -0.02623
    - offset: -0.05804637
    - vertices: p425(v66) p72(v54) p625(v15)
    - neighboring facets: f250 f598 f307
- f323
    - flags: bottom simplicial tested
    - normal:    0.3299   0.3734   0.8671
    - offset: -0.0153954
    - center: 0.02217075 0.0295465 -0.003402313333333336
    - vertices: p208(v69) p678(v40) p567(v6)
    - neighboring facets: f586 f759 f326
- f326
    - flags: top simplicial tested seen
    - normal:    0.3098   0.2056   0.9283
    - offset: -0.01078615
    - center: 0.033718 0.01527923266666666 -0.003016233333333334
    - vertices: p208(v69) p678(v40) p364(v22)
    - neighboring facets: f167 f879 f323
    - ridges:
- f328
    - flags: bottom simplicial tested
    - normal:   -0.2192   0.1966   0.9557
    - offset: -0.007865511
    - center: -0.02714126666666667 0.02748806666666667 -0.003649963333333334
    - vertices: p486(v70) p426(v44) p51(v24)
    - neighboring facets: f229 f757 f760
- f331
    - flags: top simplicial
    - normal:   -0.4674  -0.8832   0.0387
    - offset: -0.04453665
    - vertices: p87(v115) p271(v69) p788(v7)
    - neighboring facets: f340 f541 f763
- f543
    - flags: bottom simplicial
    - normal:   -0.7524  -0.6302   0.1916
    - offset: -0.04140051
    - vertices: p1719(v116) p737(v40) p1622(v21)
    - neighboring facets: f345 f544 f547
- f544
    - flags: top simplicial
    - normal:    0.2228  -0.9747  0.01956
    - offset: -0.0455137
    - vertices: p934(v71) p316(v46) p574(v25)
    - neighboring facets: f193 f331 f849
- f347
    - flags: top simplicial tested
    - normal:   -0.3611   -0.899   0.2479
    - offset: -0.03839143
    - center: -0.01546416333333333 -0.0393014 -0.01018102666666667
    - vertices: p863(v74) p527(v47) p206(v29)
    - neighboring facets: f205 f492 f811
- f355
    - flags: bottom simplicial
    - normal:   -0.4852  -0.8666   0.1168
    - offset: -0.04230845
    - center: -0.02264776142934958 -0.03850653891762098 -0.01754837421079477
    - vertices: p1719(v116) p836(v73) p788(v7)
    - neighboring facets: f340 f828 f545
- f547
    - flags: top simplicial
    - normal:   -0.2082  -0.2756   0.9384
    - offset: -0.01137013
    - center: -0.02709123957902193 -0.03068245574831963 -0.002906572927410403
    - vertices: p1719(v116) p737(v40) p1985(v19)
    - neighboring facets: f648 f829 f543
- f549
    - flags: top simplicial
    - normal:     0.977    0.148   0.1532
    - offset: -0.04083388
    - vertices: p1736(v117) p76(v43) p1733(v11)
    - neighboring facets: f182 f769 f550
- f550
    - flags: top simplicial
    - normal:    0.9783   0.1483   0.1446
    - offset: -0.04103463
    - vertices: p1736(v117) p1706(v75) p76(v43)
    - neighboring facets: f347 f549 f772
- f554
    - flags: top simplicial
    - normal:         1 0.006882 0.001929
    - offset: -0.04537754
    - center: 0.04559541617830594 0.009010698335866133 -0.144473652044932
    - vertices: p455(v118) p76(v43) p370(v2)
    - neighboring facets: f347 f1277 f556
    - ridges:
- f556
    - flags: top simplicial
    - normal:         1 -0.000673 0.001008
    - offset: -0.04544436
    - center: 0.04559541617830595 0.006006195520361264 -0.1458548953135808
    - vertices: p455(v118) p708(v76) p76(v43)
    - neighboring facets: f783 f554 f1276
    - ridges:
- f561
    - flags: bottom simplicial
    - normal:    0.8883   -0.132   0.4398
    - offset: -0.03379578
    - vertices: p1455(v120) p76(v43) p364(v22)
    - neighboring facets: f182 f562 f773
- f562
    - flags: top simplicial
    - normal:    0.5719  -0.1466   0.8071
    - offset: -0.0200244
    - vertices: p1455(v120) p1922(v77) p364(v22)
    - neighboring facets: f356 f561 f774
- f566
    - flags: top simplicial
    - normal:    0.9037  -0.4247  0.05359
    - offset: -0.04468737
    - vertices: p1433(v121) p1555(v78) p657(v42)
    - neighboring facets: f572 f777 f573
- f572
    - flags: bottom simplicial
    - normal:    0.9008  -0.4328  0.03429
    - offset: -0.04511039
    - vertices: p1514(v122) p1555(v78) p657(v42)
    - neighboring facets: f566 f1142 f573
- f573
    - flags: bottom simplicial
    - normal:    0.9083  -0.4169  0.03301
    - offset: -0.04515321
    - vertices: p1514(v122) p1433(v121) p1555(v78)
    - neighboring facets: f566 f572 f1137
- f578
    - flags: bottom simplicial
    - normal:    0.6468  -0.7494   0.1419
    - offset: -0.04252271
    - vertices: p1470(v123) p1922(v77) p1369(v68)
    - neighboring facets: f360 f580 f798
- f579
    - flags: bottom simplicial
    - normal:    0.5285   -0.845  0.08168
    - offset: -0.04319738
    - vertices: p1470(v123) p138(v37) p1331(v30)
    - neighboring facets: f152 f791 f580
- f580
    - flags: bottom simplicial
    - normal:    0.5492  -0.8298  0.09911
    - offset: -0.04299341
    - vertices: p1470(v123) p1369(v68) p138(v37)
    - neighboring facets: f360 f579 f578
- f587
    - flags: top simplicial
    - normal:   -0.6382   0.7697 -0.01332
    - offset: -0.04547386
    - vertices: p404(v124) p1317(v51) p952(v12)
    - neighboring facets: f225 f588 f593
- f588
    - flags: bottom simplicial
    - normal:    -0.817   0.5766 0.004985
    - offset: -0.04570247
    - vertices: p404(v124) p81(v84) p952(v12)
    - neighboring facets: f387 f587 f591
- f589
    - flags: top simplicial
    - normal:   -0.7328   0.6786 -0.05003
    - offset: -0.05481189
    - vertices: p404(v124) p1233(v79) p135(v5)
    - neighboring facets: f367 f592 f590
- f590
    - flags: top simplicial
    - normal:   -0.9013   0.4331 0.009288
    - offset: -0.04559235
    - vertices: p404(v124) p521(v85) p1233(v79)
    - neighboring facets: f606 f589 f591
- f591
    - flags: bottom simplicial
    - normal:   -0.8838   0.4678 0.009452
    - offset: -0.04550865
    - vertices: p404(v124) p521(v85) p81(v84)
    - neighboring facets: f392 f588 f590
- f592
    - flags: bottom simplicial
    - normal:   -0.4508   0.8913 -0.04877
    - offset: -0.04675676
    - vertices: p404(v124) p386(v89) p135(v5)
    - neighboring facets: f407 f589 f593
- f593
    - flags: top simplicial
    - normal:   -0.4628   0.8853 -0.04634
    - offset: -0.04667721
    - vertices: p404(v124) p386(v89) p1317(v51)
    - neighboring facets: f807 f587 f592
- f597
    - flags: top simplicial
    - normal:   -0.9687  0.01854  -0.2474
    - offset: -0.09765133
    - vertices: p1577(v126) p293(v80) p924(v44)
    - neighboring facets: f373 f802 f599
- f599
    - flags: top simplicial
    - normal:   -0.9709 3.381e-08  -0.2393
    - offset: -0.09601057
    - vertices: p1577(v126) p925(v125) p293(v80)
    - neighboring facets: f1218 f597 f600
- f600
    - flags: bottom simplicial
    - normal:   -0.9709 2.132e-08  -0.2393
    - offset: -0.09601057
    - vertices: p1577(v126) p925(v125) p324(v81)
    - neighboring facets: f1221 f803 f599
- f601
    - flags: bottom simplicial
    - normal:   -0.1175  0.02994   0.9926
    - offset: -0.002182786
    - vertices: p236(v127) p1120(v24) p792(v10)
    - neighboring facets: f203 f602 f603
- f602
    - flags: top simplicial
    - normal:    0.9886  -0.1506 0.000267
    - offset: -0.04588197
    - center: 0.04295060000000001 -0.02295492 -0.1338833666666667
    - vertices: p76(v86) p801(v42) p939(v8)
    - neighboring facets: f214 f695 f577
- f412
    - flags: top simplicial
    - normal:    0.9786   0.1476   0.1431
    - offset: -0.04046785
    - center: 0.0426633 0.002401846000000002 -0.01145396666666667
    - vertices: p76(v86) p364(v22) p921(v12)
    - neighboring facets: f167 f413 f692
- f413
    - flags: bottom simplicial
    - normal:   -0.9801   0.1983  0.01282
    - offset: -0.04440068
    - vertices: p662(v128) p521(v85) p1233(v79)
    - neighboring facets: f590 f610 f604
- f607
    - flags: top simplicial
    - normal:    -0.972 -0.007736   0.2347
    - offset: -0.04056436
    - vertices: p662(v128) p1789(v47) p1236(v20)
    - neighboring facets: f202 f608 f604
- f608
    - flags: bottom simplicial
    - normal:   -0.9744 -0.02325   0.2237
    - offset: -0.04083762
    - vertices: p662(v128) p936(v64) p1236(v20)
    - neighboring facets: f344 f607 f605
- f609
    - flags: bottom simplicial
    - normal:   -0.9978   0.0656 0.004667
    - offset: -0.0453123
    - vertices: p662(v128) p924(v44) p874(v1)
    - neighboring facets: f191 f605 f610
- f610
    - flags: bottom simplicial
    - normal:   -0.9845    0.175  0.01083
    - offset: -0.04462958
    - vertices: p662(v128) p1233(v79) p924(v44)
    - neighboring facets: f367 f609 f606
- f612
    - flags: bottom simplicial
    - normal:   -0.5117   0.8185   0.2612
    - offset: -0.03989673
    - vertices: p560(v129) p1317(v51) p1203(v45)
    - neighboring facets: f225 f616 f808
- f616
    - flags: bottom simplicial
    - normal:   -0.2954   0.3737   0.8793
    - offset: -0.01676356
    - center: -0.02733869167665641 0.03136917762458324 -0.003451253830765686
    - vertices: p560(v129) p1203(v45) p1120(v24)
    - neighboring facets: f194 f819 f612
- f622
    - flags: bottom simplicial
    - normal:     0.206   0.9761 -0.06873
    - offset: -0.04716582
    - vertices: p514(v130) p659(v49) p1374(v13)
    - neighboring facets: f401 f624 f623
- f623
    - flags: bottom simplicial
    - normal:    0.1073   0.9925  0.05904
    - offset: -0.04441647
    - vertices: p514(v130) p1109(v91) p659(v49)
    - neighboring facets: f421 f622 f625
- f624
    - flags: top simplicial
    - normal:      0.11   0.9882  -0.1062
    - offset: -0.04790514
    - vertices: p514(v130) p1684(v103) p1374(v13)
    - neighboring facets: f1026 f622 f625
- f625
    - flags: bottom simplicial
    - normal:   0.07087   0.9917  -0.1071
    - offset: -0.04782257
    - vertices: p514(v130) p1684(v103) p1109(v91)
    - neighboring facets: f484 f623 f624
- f627
    - flags: bottom simplicial
    - normal:  -0.0004284   0.9954 -0.09614
    - offset: -0.04746123
    - center: -0.002428590940932433 0.04531725123524666 -0.02447361685335636
    - vertices: p899(v131) p1109(v91) p1204(v52)
    - neighboring facets: f484 f1151 f1000
- f632
    - flags: bottom simplicial
    - normal:   -0.2702  -0.9625  0.02472
    - offset: -0.04507888
    - vertices: p1979(v132) p641(v54) p19(v17)
    - neighboring facets: f239 f907 f634
- f634
    - flags: bottom simplicial
    - normal:   -0.2244  -0.9742  0.02216
    - offset: -0.04511112
    - vertices: p1979(v132) p165(v92) p641(v54)
    - neighboring facets: f716 f632 f910
- f635
    - flags: top simplicial
    - normal:    0.2453  -0.9617   0.1226
    - offset: -0.04221646
    - vertices: p484(v133) p740(v55) p1134(v14)
    - neighboring facets: f242 f637 f636
- f636
    - flags: top simplicial
    - normal:    0.1753  -0.9766   0.1242
    - offset: -0.04262757
    - vertices: p484(v133) p1377(v93) p740(v55)
    - neighboring facets: f645 f635 f638
- f637
    - flags: bottom simplicial
    - normal:    0.1794  -0.9836  0.01931
    - offset: -0.04511838
    - vertices: p484(v133) p887(v95) p1134(v14)
    - neighboring facets: f439 f635 f639
- f638
    - flags: bottom simplicial
    - normal:   0.08655  -0.9961  0.01577
    - offset: -0.04544749
    - vertices: p484(v133) p1377(v93) p914(v56)
    - neighboring facets: f924 f639 f636
- f639
    - flags: top simplicial
    - normal:    0.1209  -0.9925  0.01668
    - offset: -0.04538129
    - vertices: p484(v133) p887(v95) p914(v56)
    - neighboring facets: f925 f638 f637
- f641
    - flags: top simplicial
    - normal:    0.0173  -0.9997  0.01547
    - offset: -0.04559156
    - vertices: p1124(v134) p1377(v93) p1582(v3)
    - neighboring facets: f923 f1106 f645
- f645
    - flags: bottom simplicial
    - normal:   0.09224  -0.9851   0.1451
    - offset: -0.04260589
    - center: 0.0008174726002228751 -0.04516777644554773 -0.01353422009075681
    - vertices: p1124(v134) p1377(v93) p740(v55)
    - neighboring facets: f636 f824 f641
- f648
    - flags: bottom simplicial tested
    - normal:  -5.062e-08 -7.967e-08        1
    - offset: 0.002374992
    - center: -0.01958932370568315 -0.03318653007348379 -0.002374995810290178
    - vertices: p1911(v135) p737(v40) p1985(v19)
    - neighboring facets: f547 f827 f1268
    - ridges:
- f657
    - flags: top simplicial
    - normal:    0.1735  -0.9848 -0.008293
    - offset: -0.05046102
    - vertices: p316(v136) p887(v95) p1641(v29)
    - neighboring facets: f439 f832 f926
- f658
    - flags: bottom simplicial
    - normal:    0.1982  -0.9705  -0.1375
    - offset: -0.07883825
    - vertices: p316(v136) p1268(v63) p1948(v34)
    - neighboring facets: f1094 f693 f724
- f666
    - flags: top simplicial
    - normal:    0.6939   0.1065  -0.7121
    - offset: -0.1963194
    - vertices: p1774(v137) p75(v58) p36(v31)
    - neighboring facets: f694 f859 f835
- f673
    - flags: top simplicial
    - normal:    0.8592  -0.2265  -0.4588
    - offset:  -0.145387
    - vertices: p562(v139) p827(v59) p307(v32)
    - neighboring facets: f1010 f674 f675
- f674
    - flags: bottom simplicial
    - normal:  -0.01722   0.9967 -0.07932
    - offset: -0.04716202
    - center: -0.00256508 0.04529923333333333 -0.02481133333333333
    - vertices: p366(v92) p899(v65) p514(v37)
    - neighboring facets: f752 f649 f441
- f441
    - flags: top simplicial
    - normal:    0.6854  -0.6088  -0.3994
    - offset: -0.1373801
    - vertices: p562(v139) p670(v101) p827(v59)
    - neighboring facets: f689 f673 f1033
- f684
    - flags: top simplicial
    - normal:    0.8418  -0.1954  -0.5032
    - offset: -0.1542732
    - vertices: p418(v141) p926(v100) p307(v32)
    - neighboring facets: f674 f1041 f855
- f685
    - flags: bottom simplicial
    - normal:    0.7614 -0.02396  -0.6479
    - offset: -0.1820023
    - vertices: p418(v141) p1861(v140) p114(v99)
    - neighboring facets: f838 f865 f687
- f687
    - flags: top simplicial
    - normal:    0.7102 -0.05757  -0.7017
    - offset: -0.1936019
    - vertices: p418(v141) p1861(v140) p1653(v15)
    - neighboring facets: f1250 f854 f685
- f688
    - flags: bottom simplicial
    - normal:    0.5066   0.8614 -0.03694
    - offset: -0.04533738
    - vertices: p63(v94) p975(v35) p938(v18)
    - neighboring facets: f427 f451 f615
- f492
    - flags: top simplicial tested
    - normal:   -0.5304  -0.7532   0.3891
    - offset: -0.03503925
    - center: -0.02131483333333333 -0.03537806666666667 -0.007485000000000001
    - vertices: p291(v103) p863(v74) p206(v29)
    - neighboring facets: f347 f800 f661
- f505
    - flags: bottom simplicial
    - normal:    0.6849  -0.6243  -0.3758
    - offset: -0.1324337
    - vertices: p443(v142) p670(v101) p827(v59)
    - neighboring facets: f675 f688 f692
- f690
    - flags: top simplicial
    - normal:    0.5474  -0.8235  -0.1489
    - offset: -0.08432612
    - vertices: p443(v142) p1133(v97) p1645(v8)
    - neighboring facets: f990 f688 f691
- f691
    - flags: top simplicial
    - normal:    0.4012  -0.9068  -0.1295
    - offset: -0.07902529
    - vertices: p443(v142) p316(v136) p1133(v97)
    - neighboring facets: f831 f690 f693
- f692
    - flags: top simplicial
    - normal:    0.3841  -0.8956  -0.2246
    - offset: -0.09998196
    - vertices: p443(v142) p670(v101) p1948(v34)
    - neighboring facets: f1095 f693 f689
- f693
    - flags: bottom simplicial
    - normal:    0.3434  -0.9245  -0.1655
    - offset: -0.0863769
    - vertices: p443(v142) p316(v136) p1948(v34)
    - neighboring facets: f658 f692 f691
- f694
    - flags: bottom simplicial
    - normal:    0.4983   0.3813  -0.7787
    - offset: -0.2114129
    - vertices: p1688(v143) p75(v58) p36(v31)
    - neighboring facets: f666 f1248 f695
- f695
    - flags: bottom simplicial
    - normal:    0.4546   0.5564  -0.6955
    - offset: -0.1930991
    - vertices: p1688(v143) p1684(v103) p75(v58)
    - neighboring facets: f1027 f694 f1170
- f708
    - flags: top simplicial
    - normal:   -0.4582  -0.8859 -0.07233
    - offset: -0.06697316
    - vertices: p1746(v145) p1611(v70) p19(v17)
    - neighboring facets: f764 f906 f898
- f716
    - flags: top simplicial
    - normal:   -0.2085  -0.9778  0.02162
    - offset: -0.04509037
    - vertices: p1282(v146) p165(v92) p641(v54)
    - neighboring facets: f634 f717 f911
- f717
    - flags: bottom simplicial
    - normal:   -0.1793  -0.9836  0.02156
    - offset: -0.04499802
    - center: -0.008756992368338009 -0.04598816111683846 -0.08367823374768098
    - vertices: p1282(v146) p1124(v134) p641(v54)
    - neighboring facets: f825 f716 f905
- f724
    - flags: top simplicial
    - normal:    0.2056  -0.9782  0.02876
    - offset: -0.04359344
    - center: 0.008646477000000001 -0.0452127 -0.08387576666666667
    - vertices: p484(v111) p593(v80) p574(v25)
    - neighboring facets: f374 f532 f715
- f534
    - flags: top simplicial
    - normal:   -0.9342  -0.3525  0.05486
    - offset: -0.04422844
    - vertices: p1834(v148) p718(v109) p1622(v21)
    - neighboring facets: f512 f727 f729
- f729
    - flags: bottom simplicial
    - normal:    -0.941   -0.337  0.03092
    - offset: -0.04482904
    - vertices: p1834(v148) p718(v109) p625(v35)
    - neighboring facets: f511 f727 f728
- f741
    - flags: top simplicial
    - normal:  -0.09427  -0.9953  0.02189
    - offset: -0.04441223
    - center: -0.006862693 -0.04591703333333333 -0.08843129999999999
    - vertices: p484(v111) p250(v32) p641(v7)
    - neighboring facets: f127 f714 f539
- f539
    - flags: top simplicial
    - normal:   -0.8925  -0.3935  -0.2203
    - offset: -0.09783795
    - vertices: p1815(v153) p858(v152) p425(v9)
    - neighboring facets: f960 f750 f753
- f753
    - flags: bottom simplicial
    - normal:   -0.8629  -0.4168  -0.2858
    - offset: -0.1119527
    - vertices: p1815(v153) p858(v152) p277(v111)
    - neighboring facets: f1113 f966 f752
- f758
    - flags: bottom simplicial
    - normal:   -0.4431  -0.3339   -0.832
    - offset: -0.2273757
    - vertices: p1899(v154) p1336(v112) p1725(v33)
    - neighboring facets: f741 f871 f1103
- f761
    - flags: top simplicial
    - normal:   -0.6597  -0.7513  0.01742
    - offset: -0.05044728
    - vertices: p433(v155) p1323(v114) p1900(v38)
    - neighboring facets: f536 f766 f973
- f763
    - flags: bottom simplicial
    - normal:   -0.5071  -0.8615  0.02419
    - offset: -0.0476755
    - vertices: p433(v155) p87(v115) p271(v69)
    - neighboring facets: f542 f767 f765
- f764
    - flags: bottom simplicial
    - normal:    -0.471  -0.8806 -0.05247
    - offset: -0.06295761
    - vertices: p433(v155) p1611(v70) p19(v17)
    - neighboring facets: f708 f765 f972
- f765
    - flags: top simplicial
    - normal:   -0.4698  -0.8826 -0.01787
    - offset: -0.05582289
    - vertices: p433(v155) p87(v115) p19(v17)
    - neighboring facets: f541 f764 f763
- f766
    - flags: bottom simplicial
    - normal:   -0.5903  -0.8063  0.03885
    - offset: -0.04557194
    - vertices: p433(v155) p439(v72) p1900(v38)
    - neighboring facets: f338 f761 f767
- f767
    - flags: top simplicial
    - normal:   -0.5462  -0.8369  0.03564
    - offset: -0.04579438
    - vertices: p433(v155) p439(v72) p271(v69)
    - neighboring facets: f341 f763 f766
- f768
    - flags: bottom simplicial
    - normal:    0.9262   0.3655  0.09247
    - offset: -0.04286795
    - vertices: p1812(v156) p1130(v50) p1733(v11)
    - neighboring facets: f405 f769 f770
- f769
    - flags: top simplicial
    - normal:     0.952   0.2964  0.07652
    - offset: -0.04290145
    - vertices: p1812(v156) p1736(v117) p1733(v11)
    - neighboring facets: f549 f768 f772
- f770
    - flags: top simplicial
    - normal:    0.9027   0.4299   0.0167
    - offset: -0.04506237
    - vertices: p1812(v156) p1130(v50) p370(v2)
    - neighboring facets: f220 f977 f768
- f772
    - flags: bottom simplicial
    - normal:    0.9663   0.2558  0.03047
    - offset: -0.04377651
    - vertices: p1812(v156) p1736(v117) p1706(v75)
    - neighboring facets: f550 f978 f769
- f773
    - flags: top simplicial
    - normal:    0.8852  -0.1915    0.424
    - offset: -0.03431231
    - vertices: p629(v157) p1455(v120) p76(v43)
    - neighboring facets: f561 f775 f774
- f774
    - flags: bottom simplicial
    - normal:    0.8656  -0.2431   0.4378
    - offset: -0.03398585
    - vertices: p629(v157) p1455(v120) p1922(v77)
    - neighboring facets: f562 f776 f773
- f775
    - flags: bottom simplicial
    - normal:    0.9624  -0.2684  0.04261
    - offset: -0.04480205
    - vertices: p629(v157) p1433(v121) p76(v43)
    - neighboring facets: f1138 f773 f777
- f776
    - flags: bottom simplicial
    - normal:    0.8771  -0.4223    0.229
    - offset: -0.04035895
    - vertices: p629(v157) p1922(v77) p657(v42)
    - neighboring facets: f797 f777 f774
- f777
    - flags: top simplicial
    - normal:    0.9015  -0.4081   0.1444
    - offset: -0.0425539
    - vertices: p629(v157) p1433(v121) p657(v42)
    - neighboring facets: f566 f776 f775
- f778
    - flags: top simplicial
    - normal:    0.8879  -0.4441  -0.1198
    - offset: -0.07575929
    - vertices: p1603(v158) p827(v59) p1645(v8)
    - neighboring facets: f688 f985 f789
- f783
    - flags: bottom simplicial
    - normal:    0.9999 -0.01101 0.0002352
    - offset: -0.04552323
    - center: 0.04549584661920865 -0.00590006448328495 -0.1479930231968562
    - vertices: p1841(v159) p708(v76) p76(v43)
    - neighboring facets: f556 f979 f1156
- f789
    - flags: bottom simplicial
    - normal:    0.9322  -0.3304  -0.1475
    - offset: -0.08015855
    - vertices: p1841(v159) p1603(v158) p827(v59)
    - neighboring facets: f778 f1011 f983
- f790
    - flags: top simplicial
    - normal:     0.493  -0.8691  0.03951
    - offset: -0.04442078
    - vertices: p933(v160) p143(v57) p1331(v30)
    - neighboring facets: f455 f791 f989
- f791
    - flags: bottom simplicial
    - normal:    0.5533  -0.8318  0.04466
    - offset: -0.04426786
    - vertices: p933(v160) p1470(v123) p1331(v30)
    - neighboring facets: f579 f790 f799
- f797
    - flags: top simplicial
    - normal:    0.8524  -0.4868   0.1908
    - offset: -0.04155722
    - vertices: p566(v161) p1922(v77) p657(v42)
    - neighboring facets: f776 f1143 f798
- f798
    - flags: top simplicial
    - normal:    0.6904  -0.7123   0.1266
    - offset: -0.04295541
    - vertices: p566(v161) p1470(v123) p1922(v77)
    - neighboring facets: f578 f797 f799
- f799
    - flags: top simplicial
    - normal:    0.7185   -0.694  0.04621
    - offset: -0.04481958
    - vertices: p566(v161) p933(v160) p1470(v123)
    - neighboring facets: f791 f798 f994
- f802
    - flags: top simplicial
    - normal:   -0.9693  0.01792  -0.2451
    - offset: -0.09717552
    - vertices: p476(v162) p1577(v126) p924(v44)
    - neighboring facets: f597 f804 f803
- f803
    - flags: bottom simplicial
    - normal:   -0.9709 0.004734  -0.2395
    - offset: -0.09603799
    - vertices: p476(v162) p1577(v126) p324(v81)
    - neighboring facets: f600 f806 f802
- f804
    - flags: top simplicial
    - normal:        -1 0.0003725 -0.005096
    - offset: -0.04676411
    - vertices: p476(v162) p924(v44) p583(v16)
    - neighboring facets: f191 f805 f802
- f805
    - flags: bottom simplicial
    - normal:   -0.9848 -0.03419  -0.1705
    - offset: -0.08179677
    - vertices: p476(v162) p656(v36) p583(v16)
    - neighboring facets: f964 f804 f806
- f806
    - flags: bottom simplicial
    - normal:   -0.9797 -0.03027   -0.198
    - offset: -0.08749319
    - vertices: p476(v162) p324(v81) p656(v36)
    - neighboring facets: f1220 f805 f803
- f807
    - flags: bottom simplicial
    - normal:   -0.3714   0.9199   0.1256
    - offset: -0.04307451
    - vertices: p1063(v163) p386(v89) p1317(v51)
    - neighboring facets: f593 f808 f1148
- f808
    - flags: top simplicial
    - normal:    -0.374   0.9156   0.1477
    - offset: -0.04258582
    - center: -0.01675872442622979 0.04157031824191411 -0.01180719281546772
    - vertices: p1063(v163) p560(v129) p1317(v51)
    - neighboring facets: f612 f807 f1145
- f813
    - flags: bottom simplicial tested
    - normal:   0.09354   0.2332   0.9679
    - offset: -0.00753934
    - center: 0.0104242245045801 0.03927304285267989 -0.002680542025094229
    - vertices: p285(v164) p1995(v41) p854(v6)
    - neighboring facets: f398 f814 f1271
    - ridges:
- f814
    - flags: top simplicial tested
    - normal:   0.03331   0.9927    0.116
    - offset: -0.04289309
    - center: 0.002354603881637255 0.04419261341293653 -0.009089819466074308
    - vertices: p285(v164) p1109(v91) p854(v6)
    - neighboring facets: f421 f813 f1001
- f819
    - flags: bottom simplicial tested
    - normal:  -0.07997  0.09974   0.9918
    - offset: -0.002276652
    - center: -0.01800665243839224 0.03575164079666138 -0.002751749164114396
    - vertices: p285(v164) p560(v129) p1120(v24)
    - neighboring facets: f616 f821 f1004
- f820
    - flags: bottom simplicial tested
    - normal:  -4.481e-07 3.183e-07        1
    - offset: 0.00237498
    - center: -0.025913098671784 0.01649663969874382 -0.002374997129663825
    - vertices: p285(v164) p1906(v83) p792(v10)
    - neighboring facets: f602 f1270 f821
    - ridges:
- f821
    - flags: top simplicial tested
    - normal:  -0.04922  0.05104   0.9975
    - offset: -3.093813e-05
    - center: -0.02493819889302055 0.02677663105229537 -0.002569749020040035
    - vertices: p285(v164) p1906(v83) p1120(v24)
    - neighboring facets: f603 f819 f820
- f822
    - flags: top simplicial tested
    - normal:  -0.002843 -0.01349   0.9999
    - offset: 0.001801908
    - center: -0.004387743965101738 -0.04227319856484731 -0.002384887697796027
    - vertices: p1672(v165) p1911(v135) p201(v94)
    - neighboring facets: f1273 f823 f827
    - ridges:
- f823
    - flags: top simplicial tested
    - normal:   0.03197  -0.9221   0.3855
    - offset: -0.03834646
    - center: -0.001548775820992887 -0.04305979112784068 -0.00340140339297553
    - vertices: p1672(v165) p201(v94) p740(v55)
    - neighboring facets: f435 f824 f822
- f824
    - flags: bottom simplicial tested
    - normal:  -0.02234  -0.9815     0.19
    - offset: -0.04182299
    - center: -0.002129709619718293 -0.04416968549291293 -0.008311506050328413
    - vertices: p1672(v165) p1124(v134) p740(v55)
    - neighboring facets: f645 f823 f825
- f825
    - flags: top simplicial tested
    - normal:   -0.2192  -0.9713  0.09184
    - offset: -0.04328629
    - center: -0.007221113230722645 -0.04428813730676968 -0.01432513895755013
    - vertices: p1672(v165) p1124(v134) p641(v54)
    - neighboring facets: f717 f826 f824
- f826
    - flags: top simplicial tested
    - normal:   -0.3057  -0.9464   0.1046
    - offset: -0.04291553
    - center: -0.01247780956327915 -0.0431332973142465 -0.01642260840162635
    - vertices: p1672(v165) p641(v54) p788(v7)
    - neighboring facets: f239 f828 f825
- f827
    - flags: bottom simplicial tested
    - normal:  -0.003759 -0.01149   0.9999
    - offset: 0.001879984
    - center: -0.009423627983778715 -0.04084393630425135 -0.002384887775406241
    - vertices: p1672(v165) p1911(v135) p1985(v19)
    - neighboring facets: f648 f829 f822
- f828
    - flags: bottom simplicial tested
    - normal:     -0.43  -0.8891   0.1568
    - offset: -0.04138498
    - center: -0.01772728996972243 -0.0397241786122322 -0.00992403691634536
    - vertices: p1672(v165) p1719(v116) p788(v7)
    - neighboring facets: f546 f826 f829
- f829
    - flags: top simplicial tested
    - normal:   -0.2132  -0.2926   0.9322
    - offset: -0.01210754
    - center: -0.01692554385711749 -0.0383398619790872 -0.002916464892526468
    - vertices: p1672(v165) p1719(v116) p1985(v19)
    - neighboring facets: f547 f827 f828
- f830
    - flags: bottom simplicial
    - normal:    0.3966  -0.9178 -0.01787
    - offset: -0.05520406
    - vertices: p934(v166) p1133(v97) p143(v57)
    - neighboring facets: f988 f834 f831
- f831
    - flags: bottom simplicial
    - normal:    0.3645  -0.9306 -0.03346
    - offset: -0.05809709
    - vertices: p934(v166) p316(v136) p1133(v97)
    - neighboring facets: f691 f830 f832
- f832
    - flags: top simplicial
    - normal:    0.1938   -0.981 -0.006608
    - offset: -0.05040296
    - vertices: p934(v166) p316(v136) p1641(v29)
    - neighboring facets: f657 f833 f831
- f833
    - flags: top simplicial
    - normal:    0.2354  -0.9716  0.02296
    - offset: -0.04506939
    - vertices: p934(v166) p1641(v29) p1134(v14)
    - neighboring facets: f439 f834 f832
- f834
    - flags: bottom simplicial
    - normal:     0.358  -0.9331  0.03396
    - offset: -0.04433669
    - vertices: p934(v166) p143(v57) p1134(v14)
    - neighboring facets: f454 f833 f830
- f835
    - flags: bottom simplicial
    - normal:    0.7037   0.1067  -0.7024
    - offset: -0.1942737
    - vertices: p860(v167) p1774(v137) p75(v58)
    - neighboring facets: f666 f1028 f839
- f838
    - flags: top simplicial
    - normal:    0.7485 -8.09e-07  -0.6631
    - offset: -0.1851688
    - vertices: p860(v167) p1861(v140) p114(v99)
    - neighboring facets: f685 f1030 f839
- f839
    - flags: bottom simplicial
    - normal:    0.7485 -2.827e-07  -0.6631
    - offset: -0.1851691
    - vertices: p860(v167) p1861(v140) p1774(v137)
    - neighboring facets: f860 f835 f838
- f847
    - flags: bottom simplicial
    - normal:    0.5907   0.8061 -0.03718
    - offset: -0.04848691
    - center: 0.04510045796632767 0.01742064207792282 -0.2099576195081075
    - vertices: p584(v169) p732(v25) p370(v2)
    - neighboring facets: f102 f1013 f1024
- f854
    - flags: top simplicial
    - normal:    0.7205 -0.08861  -0.6878
    - offset: -0.1913449
    - vertices: p392(v170) p418(v141) p1653(v15)
    - neighboring facets: f687 f1038 f855
- f855
    - flags: bottom simplicial
    - normal:    0.7439   -0.128   -0.656
    - offset: -0.1854897
    - vertices: p392(v170) p418(v141) p926(v100)
    - neighboring facets: f684 f1035 f854
- f859
    - flags: top simplicial
    - normal:    0.6418  0.01274  -0.7668
    - offset: -0.2070844
    - vertices: p573(v171) p1774(v137) p36(v31)
    - neighboring facets: f666 f1243 f860
- f860
    - flags: top simplicial
    - normal:    0.6397 -0.003023  -0.7686
    - offset: -0.2073111
    - vertices: p573(v171) p1861(v140) p1774(v137)
    - neighboring facets: f839 f859 f1251
- f865
    - flags: bottom simplicial
    - normal:     0.828 -0.02863  -0.5601
    - offset: -0.1637155
    - vertices: p1187(v172) p418(v141) p114(v99)
    - neighboring facets: f685 f867 f1042
- f867
    - flags: top simplicial
    - normal:     0.884  0.01807  -0.4671
    - offset: -0.1438987
    - vertices: p1187(v172) p1786(v168) p114(v99)
    - neighboring facets: f1032 f865 f1157
- f871
    - flags: bottom simplicial
    - normal:   -0.4196   0.8569   0.2995
    - offset: -0.03895241
    - center: -0.01861171 0.03923806666666667 -0.008281069999999998
    - vertices: p560(v123) p386(v62) p426(v44)
    - neighboring facets: f290 f761 f589
- f591
    - flags: top simplicial
    - normal:   -0.1695   0.9809  0.09553
    - offset: -0.04330322
    - center: -0.007746866666666666 0.04435793333333333 -0.01591261666666667
    - vertices: p560(v123) p453(v91) p899(v65)
    - neighboring facets: f435 f753 f589
- f598
    - flags: bottom simplicial
    - normal:   -0.5006  -0.8451  -0.1879
    - offset: -0.09179324
    - vertices: p1938(v178) p1746(v145) p1611(v70)
    - neighboring facets: f708 f968 f893
- f899
    - flags: bottom simplicial
    - normal:  -0.08238  -0.9962 -0.02777
    - offset: -0.05477361
    - vertices: p1240(v179) p1383(v104) p1582(v3)
    - neighboring facets: f921 f900 f901
- f900
    - flags: top simplicial
    - normal:  -0.08716  -0.9961 -0.01243
    - offset: -0.05155015
    - vertices: p1240(v179) p1282(v146) p1582(v3)
    - neighboring facets: f904 f899 f909
- f901
    - flags: bottom simplicial
    - normal:   -0.2036  -0.9762 -0.07422
    - offset: -0.06525198
    - vertices: p1240(v179) p1746(v145) p1383(v104)
    - neighboring facets: f893 f899 f908
- f904
    - flags: bottom simplicial
    - normal:   -0.0871  -0.9962 0.003231
    - offset: -0.04825772
    - vertices: p1287(v180) p1282(v146) p1582(v3)
    - neighboring facets: f900 f1107 f905
- f905
    - flags: top simplicial
    - normal:    -0.097  -0.9951  0.01667
    - offset: -0.04550739
    - vertices: p1287(v180) p1282(v146) p1124(v134)
    - neighboring facets: f717 f1108 f904
- f906
    - flags: top simplicial
    - normal:   -0.3221  -0.9458 -0.04174
    - offset: -0.05956672
    - vertices: p679(v181) p1746(v145) p19(v17)
    - neighboring facets: f708 f907 f908
- f907
    - flags: bottom simplicial
    - normal:   0.08726   0.9899   0.1119
    - offset: -0.04304068
    - center: 0.007363416666666667 0.04446273333333334 -0.01442148
    - vertices: p659(v127) p514(v37) p567(v6)
    - neighboring facets: f754 f612 f611
- f611
    - flags: bottom simplicial
    - normal:   -0.2179  -0.9753  -0.0356
    - offset: -0.05713713
    - vertices: p679(v181) p1240(v179) p1282(v146)
    - neighboring facets: f900 f911 f908
- f910
    - flags: top simplicial
    - normal:   -0.2241  -0.9744  0.01661
    - offset: -0.04620594
    - vertices: p679(v181) p1979(v132) p165(v92)
    - neighboring facets: f634 f911 f907
- f911
    - flags: bottom simplicial
    - normal:   -0.2224  -0.9748  0.01596
    - offset: -0.04632002
    - vertices: p679(v181) p1282(v146) p165(v92)
    - neighboring facets: f716 f910 f909
- f916
    - flags: bottom simplicial
    - normal:   -0.0296   -0.873  -0.4869
    - offset: -0.1568642
    - vertices: p1716(v183) p897(v108) p1268(v63)
    - neighboring facets: f1084 f917 f1105
- f917
    - flags: top simplicial
    - normal:  -0.03602  -0.9019  -0.4305
    - offset: -0.1443931
    - vertices: p1716(v183) p468(v147) p1268(v63)
    - neighboring facets: f724 f916 f1101
- f920
    - flags: bottom simplicial
    - normal:    0.1525  -0.9825  -0.1067
    - offset: -0.07150033
    - vertices: p888(v184) p468(v147) p316(v136)
    - neighboring facets: f724 f926 f1201
- f921
    - flags: top simplicial
    - normal:  -0.02919  -0.9987 -0.04196
    - offset: -0.05774655
    - vertices: p888(v184) p1383(v104) p1582(v3)
    - neighboring facets: f899 f923 f1200
- f923
    - flags: bottom simplicial
    - normal:   0.03998  -0.9991  0.01512
    - offset: -0.04557712
    - vertices: p888(v184) p1377(v93) p1582(v3)
    - neighboring facets: f641 f921 f924
- f924
    - flags: top simplicial
    - normal:   0.08259  -0.9965  0.01559
    - offset: -0.04546459
    - vertices: p888(v184) p1377(v93) p914(v56)
    - neighboring facets: f638 f925 f923
- f925
    - flags: bottom simplicial
    - normal:     0.126   -0.992 0.004421
    - offset: -0.04779232
    - vertices: p888(v184) p887(v95) p914(v56)
    - neighboring facets: f639 f924 f926
- f926
    - flags: bottom simplicial
    - normal:     0.167  -0.9859 -0.01145
    - offset: -0.05105002
    - vertices: p888(v184) p316(v136) p887(v95)
    - neighboring facets: f657 f925 f920
- f934
    - flags: bottom simplicial
    - normal:   -0.6129  0.06004  -0.7879
    - offset: -0.2118195
    - vertices: p1877(v186) p377(v150) p1343(v110)
    - neighboring facets: f955 f956 f935
- f935
    - flags: top simplicial
    - normal:   -0.6717   0.1844  -0.7175
    - offset: -0.1975135
    - vertices: p1877(v186) p377(v150) p1026(v149)
    - neighboring facets: f937 f1110 f934
- f936
    - flags: top simplicial
    - normal:   -0.3324   0.3958  -0.8561
    - offset: -0.2289356
    - vertices: p1859(v187) p377(v150) p818(v60)
    - neighboring facets: f1160 f940 f937
- f937
    - flags: bottom simplicial
    - normal:   -0.6493   0.2981  -0.6997
    - offset: -0.1945343
    - vertices: p1859(v187) p377(v150) p1026(v149)
    - neighboring facets: f935 f938 f936
- f938
    - flags: bottom simplicial
    - normal:   -0.3142   0.9079  -0.2775
    - offset: -0.09376556
    - vertices: p1859(v187) p1026(v149) p135(v5)
    - neighboring facets: f948 f939 f937
- f939
    - flags: top simplicial
    - normal:   -0.1402   0.9847  -0.1039
    - offset: -0.04817412
    - vertices: p1859(v187) p1204(v52) p135(v5)
    - neighboring facets: f412 f938 f940
- f940
    - flags: top simplicial
    - normal:  -0.05852   0.9922  -0.1099
    - offset: -0.04812634
    - vertices: p1859(v187) p818(v60) p1204(v52)
    - neighboring facets: f483 f939 f936
- f948
    - flags: top simplicial
    - normal:   -0.8851 0.006582  -0.4654
    - offset:  -0.143684
    - vertices: p1816(v188) p1026(v149) p135(v5)
    - neighboring facets: f938 f1217 f954
- f954
    - flags: bottom simplicial
    - normal:   -0.8746 0.004118  -0.4848
    - offset: -0.1477817
    - vertices: p1832(v189) p1816(v188) p1026(v149)
    - neighboring facets: f948 f1112 f1259
- f955
    - flags: top simplicial
    - normal:   -0.5607  0.01016  -0.8279
    - offset: -0.2199327
    - vertices: p1004(v190) p377(v150) p1343(v110)
    - neighboring facets: f934 f956 f1240
- f956
    - flags: bottom simplicial
    - normal:   -0.6071 0.005628  -0.7946
    - offset: -0.2128281
    - vertices: p1004(v190) p1877(v186) p1343(v110)
    - neighboring facets: f934 f955 f1126
- f959
    - flags: top simplicial
    - normal:   -0.4653 -0.06252  -0.8829
    - offset: -0.2320611
    - vertices: p1004(v190) p1504(v151) p1725(v33)
    - neighboring facets: f741 f1239 f1125
- f960
    - flags: bottom simplicial
    - normal:   -0.9042  -0.3719    -0.21
    - offset: -0.09539555
    - vertices: p578(v191) p858(v152) p425(v9)
    - neighboring facets: f752 f962 f961
- f961
    - flags: top simplicial
    - normal:   -0.9466  -0.2257  -0.2302
    - offset: -0.09744597
    - vertices: p578(v191) p858(v152) p656(v36)
    - neighboring facets: f1212 f964 f960
- f962
    - flags: top simplicial
    - normal:   -0.9369  -0.3471 -0.04215
    - offset: -0.0595193
    - vertices: p578(v191) p625(v35) p425(v9)
    - neighboring facets: f534 f960 f963
- f963
    - flags: bottom simplicial
    - normal:   -0.9783  -0.2042 -0.03417
    - offset: -0.05549062
    - vertices: p578(v191) p625(v35) p583(v16)
    - neighboring facets: f294 f964 f962
- f964
    - flags: top simplicial
    - normal:   -0.9785  -0.2027 -0.03724
    - offset: -0.05612472
    - vertices: p578(v191) p656(v36) p583(v16)
    - neighboring facets: f805 f963 f961
- f966
    - flags: bottom simplicial
    - normal:   -0.7281  -0.6141  -0.3045
    - offset: -0.1175093
    - vertices: p842(v192) p1815(v153) p277(v111)
    - neighboring facets: f753 f1131 f967
- f967
    - flags: top simplicial
    - normal:   -0.6417  -0.7333  -0.2248
    - offset: -0.1005209
    - vertices: p842(v192) p1815(v153) p1611(v70)
    - neighboring facets: f974 f968 f966
- f968
    - flags: bottom simplicial
    - normal:   -0.5066  -0.8401  -0.1939
    - offset: -0.0931192
    - vertices: p842(v192) p1938(v178) p1611(v70)
    - neighboring facets: f898 f967 f969
- f969
    - flags: top simplicial
    - normal:   -0.4672  -0.8123  -0.3492
    - offset: -0.1276184
    - vertices: p842(v192) p1938(v178) p449(v61)
    - neighboring facets: f1100 f970 f968
- f970
    - flags: bottom simplicial
    - normal:   -0.4759  -0.7562  -0.4491
    - offset: -0.1493957
    - vertices: p842(v192) p1336(v112) p449(v61)
    - neighboring facets: f1102 f969 f971
- f971
    - flags: top simplicial
    - normal:   -0.2338   0.9152  -0.3283
    - offset: -0.1011219
    - vertices: p761(v133) p135(v67) p930(v10)
    - neighboring facets: f355 f855 f651
- f661
    - flags: bottom simplicial tested
    - normal:    -0.409  -0.4584   0.7891
    - offset: -0.02105485
    - center: -0.02586683333333333 -0.02827833333333333 -0.003151666666666665
    - vertices: p737(v135) p291(v103) p863(v74)
    - neighboring facets: f492 f796 f802
- f663
    - flags: top simplicial tested
    - normal:   -0.7178  -0.6348    0.286
    - offset: -0.03690666
    - center: -0.0324516 -0.0269902 -0.0123135
    - vertices: p737(v135) p206(v29) p90(v16)
    - neighboring facets: f123 f665 f801
- f665
    - flags: bottom simplicial tested
    - normal:   -0.8592  -0.4921   0.1404
    - offset: -0.04045926
    - center: -0.03924656666666666 -0.01738789 -0.01293506666666667
    - vertices: p737(v135) p718(v30) p90(v16)
    - neighboring facets: f251 f663 f668
- f666
    - flags: bottom simplicial tested
    - normal:   -0.9058 -0.04508   0.4213
    - offset: -0.03458753
    - center: -0.04221053333333334 -0.002122200000000001 -0.008885386666666663
    - vertices: p737(v135) p822(v51) p874(v0)
    - neighboring facets: f231 f667 f799
- f667
    - flags: top simplicial tested
    - normal:   -0.9183 -0.09296   0.3848
    - offset: -0.03590455
    - center: -0.04328783333333334 -0.008370186666666668 -0.01201706666666667
    - vertices: p737(v135) p936(v52) p874(v0)
    - neighboring facets: f835 f666 f668
- f668
    - flags: bottom simplicial tested
    - normal:   -0.9245  -0.2362   0.2992
    - offset: -0.03858971
    - center: -0.0430717 -0.01018094333333333 -0.01214596666666667
    - vertices: p737(v135) p936(v52) p718(v30)
    - neighboring facets: f237 f665 f667
- f671
    - flags: bottom simplicial
    - normal:   -0.7306  -0.6812 -0.04784
    - offset: -0.06386149
    - vertices: p1605(v193) p433(v155) p1323(v114)
    - neighboring facets: f761 f975 f972
- f974
    - flags: bottom simplicial
    - normal:   -0.7345  -0.6675  -0.1224
    - offset: -0.07928274
    - vertices: p1605(v193) p1815(v153) p1611(v70)
    - neighboring facets: f967 f972 f975
- f975
    - flags: top simplicial
    - normal:   -0.7914  -0.6061 -0.07978
    - offset: -0.07000637
    - vertices: p1605(v193) p1815(v153) p1323(v114)
    - neighboring facets: f750 f973 f974
- f976
    - flags: bottom simplicial
    - normal:    0.9707   0.2393  0.02014
    - offset: -0.04419872
    - vertices: p401(v194) p1706(v75) p370(v2)
    - neighboring facets: f347 f977 f978
- f977
    - flags: top simplicial
    - normal:    0.9659    0.258  0.02143
    - offset: -0.04402726
    - vertices: p401(v194) p1812(v156) p370(v2)
    - neighboring facets: f770 f976 f978
- f978
    - flags: bottom simplicial
    - normal:    0.9663   0.2558  0.03035
    - offset: -0.04377977
    - vertices: p401(v194) p1812(v156) p1706(v75)
    - neighboring facets: f772 f976 f977
- f979
    - flags: bottom simplicial
    - normal:    0.9831  -0.1827  0.01113
    - offset: -0.04571074
    - vertices: p1403(v195) p1841(v159) p76(v43)
    - neighboring facets: f783 f1139 f987
- f983
    - flags: top simplicial
    - normal:    0.9273  -0.3637 -0.08894
    - offset: -0.06803606
    - vertices: p462(v196) p1841(v159) p1603(v158)
    - neighboring facets: f789 f985 f987
- f985
    - flags: top simplicial
    - normal:    0.8994  -0.4289 -0.08481
    - offset: -0.06801043
    - vertices: p462(v196) p1603(v158) p1645(v8)
    - neighboring facets: f778 f991 f983
- f987
    - flags: top simplicial
    - normal:    0.9441  -0.3267 -0.04337
    - offset: -0.05835007
    - vertices: p462(v196) p1403(v195) p1841(v159)
    - neighboring facets: f979 f983 f1136
- f988
    - flags: top simplicial
    - normal:    0.4847  -0.8747 -0.00234
    - offset: -0.05280912
    - vertices: p862(v197) p1133(v97) p143(v57)
    - neighboring facets: f830 f989 f990
- f989
    - flags: bottom simplicial
    - normal:    0.4954  -0.8679  0.03775
    - offset: -0.04478972
    - vertices: p862(v197) p933(v160) p143(v57)
    - neighboring facets: f790 f988 f994
- f990
    - flags: bottom simplicial
    - normal:    0.5519  -0.8326 -0.04603
    - offset: -0.0626095
    - vertices: p862(v197) p1133(v97) p1645(v8)
    - neighboring facets: f690 f991 f988
- f991
    - flags: top simplicial
    - normal:     0.897  -0.4347 -0.07996
    - offset: -0.06710145
    - vertices: p862(v197) p462(v196) p1645(v8)
    - neighboring facets: f985 f990 f992
- f992
    - flags: bottom simplicial
    - normal:    0.8987  -0.4359 -0.04848
    - offset: -0.06080526
    - vertices: p862(v197) p462(v196) p1514(v122)
    - neighboring facets: f1135 f1140 f991
- f994
    - flags: bottom simplicial
    - normal:    0.7715  -0.6348  0.04265
    - offset: -0.04517671
    - vertices: p862(v197) p566(v161) p933(v160)
    - neighboring facets: f799 f989 f1141
- f997
    - flags: bottom simplicial
    - normal:   -0.2911   0.9563 -0.02625
    - offset: -0.04627191
    - vertices: p1313(v198) p588(v90) p1506(v27)
    - neighboring facets: f411 f998 f1147
- f998
    - flags: top simplicial
    - normal:   -0.3052   0.9523 -0.006629
    - offset: -0.04580201
    - vertices: p1313(v198) p386(v89) p1506(v27)
    - neighboring facets: f407 f997 f1149
- f1000
    - flags: top simplicial
    - normal:  -0.01971   0.9953  0.09506
    - offset: -0.04324792
    - vertices: p550(v199) p899(v131) p1109(v91)
    - neighboring facets: f627 f1001 f1144
- f1001
    - flags: bottom simplicial
    - normal:   -0.2469 -0.01371  -0.9689
    - offset: -0.2498242
    - vertices: p70(v139) p127(v138) p541(v48)
    - neighboring facets: f685 f689 f688
- f691
    - flags: top simplicial tested seen
    - normal:    0.8824  -0.2721   0.3839
    - offset: -0.03569409
    - center: 0.03858826666666667 -0.01568630066666667 -0.006831999999999999
    - vertices: p629(v140) p62(v109) p364(v22)
    - neighboring facets: f878 f692 f704
    - ridges:
- f692
    - flags: bottom simplicial tested
    - normal:    0.8892  -0.2643   0.3734
    - offset: -0.03600745
    - center: 0.04284306666666667 -0.008649120666666664 -0.01171903333333334
    - vertices: p629(v140) p76(v86) p364(v22)
    - neighboring facets: f412 f691 f695
- f694
    - flags: bottom simplicial tested
    - normal:    0.9175  -0.3964  0.03405
    - offset: -0.04489615
    - center: 0.04086530000000001 -0.025209 -0.07602206666666667
    - vertices: p629(v140) p657(v79) p939(v8)
    - neighboring facets: f701 f695 f703
- f695
    - flags: top simplicial tested
    - normal:    0.9433  -0.3308  0.02784
    - offset: -0.04489833
    - center: 0.0427005 -0.02031992 -0.07552803333333334
    - vertices: p629(v140) p76(v86) p939(v8)
    - neighboring facets: f409 f694 f692
- f696
    - flags: bottom simplicial
    - normal:    0.3048  -0.9472  0.09905
    - offset: -0.04179486
    - center: 0.01793871666666667 -0.04033393333333334 -0.01897383333333333
    - vertices: p138(v141) p593(v80) p502(v50)
    - neighboring facets: f531 f697 f716
- f697
    - flags: top simplicial
    - normal:    0.5398  -0.8306   0.1366
    - offset: -0.04173307
    - center: 0.0254339 -0.03583773333333334 -0.0129194
    - vertices: p138(v141) p62(v109) p502(v50)
    - neighboring facets: f805 f696 f807
- f701
    - flags: top simplicial
    - normal:    0.9309  -0.0394  -0.3631
    - offset: -0.1221627
    - vertices: p1076(v200) p1786(v168) p307(v32)
    - neighboring facets: f1043 f1010 f1005
- f1010
    - flags: bottom simplicial
    - normal:    0.9416  -0.2089  -0.2642
    - offset:  -0.103366
    - vertices: p1076(v200) p827(v59) p307(v32)
    - neighboring facets: f673 f1007 f1011
- f1011
    - flags: bottom simplicial
    - normal:     0.944  -0.2195  -0.2462
    - offset: -0.09968034
    - center: 0.04285837709903717 -0.02190819972505172 -0.2209723244110743
    - vertices: p1076(v200) p1841(v159) p827(v59)
    - neighboring facets: f789 f1010 f1154
- f1013
    - flags: bottom simplicial tested
    - normal:    0.9978   0.0511 -0.04255
    - offset: -0.05532798
    - center: 0.04554864391684532 0.01562029340614875 -0.2134555081526438
    - vertices: p1711(v201) p584(v169) p370(v2)
    - neighboring facets: f847 f1277 f1153
    - ridges:
- f1023
    - flags: bottom simplicial
    - normal:    0.4214   0.9053 -0.05391
    - offset: -0.04620556
    - vertices: p1994(v203) p63(v87) p732(v25)
    - neighboring facets: f402 f1024 f1025
- f1024
    - flags: top simplicial
    - normal:    0.4394   0.8965 -0.05704
    - offset: -0.04748109
    - vertices: p1994(v203) p584(v169) p732(v25)
    - neighboring facets: f847 f1023 f1029
- f1025
    - flags: top simplicial
    - normal:    0.2899   0.9539 -0.07721
    - offset: -0.04725447
    - vertices: p1994(v203) p63(v87) p1374(v13)
    - neighboring facets: f401 f1026 f1023
- f1026
    - flags: bottom simplicial
    - normal:    0.2576  -0.9656  0.03511
    - offset: -0.04343339
    - vertices: p523(v144) p436(v110) p593(v80)
    - neighboring facets: f531 f710 f711
- f713
    - flags: bottom simplicial tested
    - normal:   -0.1009  -0.9906  0.09226
    - offset: -0.04255313
    - center: -0.005651166666666666 -0.04374393333333334 -0.01463589
    - vertices: p740(v145) p527(v47) p641(v7)
    - neighboring facets: f205 f714 f812
- f714
    - flags: top simplicial tested
    - normal:  -0.06523  -0.9958  0.06482
    - offset: -0.0430291
    - center: -0.003215509666666666 -0.04440476666666667 -0.02155559
    - vertices: p740(v145) p484(v111) p641(v7)
    - neighboring facets: f538 f713 f715
- f715
    - flags: bottom simplicial tested
    - normal:     0.172  -0.9836  0.05443
    - offset: -0.04296632
    - center: 0.004055107000000001 -0.04409173333333333 -0.02019739
    - vertices: p740(v145) p484(v111) p593(v80)
    - neighboring facets: f533 f716 f714
- f716
    - flags: top simplicial tested
    - normal:    0.2851  -0.9504   0.1242
    - offset: -0.0412196
    - center: 0.01076614666666666 -0.04183779999999999 -0.01298529
    - vertices: p740(v145) p138(v141) p593(v80)
    - neighboring facets: f696 f715 f808
- f721
    - flags: top simplicial
    - normal:    0.1553   0.9777  -0.1415
    - offset: -0.05716948
    - vertices: p1994(v203) p1684(v103) p75(v58)
    - neighboring facets: f695 f1028 f1026
- f1028
    - flags: bottom simplicial
    - normal:    0.7894   0.2068   -0.578
    - offset: -0.1686128
    - vertices: p1994(v203) p860(v167) p75(v58)
    - neighboring facets: f835 f1027 f1030
- f1029
    - flags: bottom simplicial
    - normal:    0.9213   0.1464  -0.3603
    - offset: -0.1225329
    - vertices: p1994(v203) p584(v169) p1393(v138)
    - neighboring facets: f1006 f1031 f1024
- f1030
    - flags: top simplicial
    - normal:    0.8563   0.0744  -0.5112
    - offset:  -0.153381
    - vertices: p1994(v203) p860(v167) p114(v99)
    - neighboring facets: f838 f1032 f1028
- f1031
    - flags: top simplicial
    - normal:    0.9064  0.05839  -0.4184
    - offset: -0.1336839
    - vertices: p1994(v203) p1786(v168) p1393(v138)
    - neighboring facets: f1005 f1029 f1032
- f1032
    - flags: bottom simplicial
    - normal:    0.8871  0.05165  -0.4587
    - offset: -0.1420747
    - vertices: p1994(v203) p1786(v168) p114(v99)
    - neighboring facets: f867 f1030 f1031
- f1033
    - flags: bottom simplicial
    - normal:      0.67  -0.5978  -0.4401
    - offset: -0.1461031
    - vertices: p1915(v204) p562(v139) p670(v101)
    - neighboring facets: f675 f1195 f1034
- f1034
    - flags: top simplicial
    - normal:    0.7848  -0.2413  -0.5709
    - offset:  -0.169711
    - vertices: p1915(v204) p562(v139) p926(v100)
    - neighboring facets: f674 f1035 f1033
- f1035
    - flags: bottom simplicial
    - normal:    0.7512  -0.1773  -0.6358
    - offset: -0.1822849
    - vertices: p1915(v204) p392(v170) p926(v100)
    - neighboring facets: f855 f1034 f1038
- f1038
    - flags: top simplicial
    - normal:    0.6414  -0.2699  -0.7182
    - offset: -0.2017663
    - vertices: p1915(v204) p392(v170) p1653(v15)
    - neighboring facets: f854 f1193 f1035
- f1041
    - flags: top simplicial
    - normal:     0.859 -0.04284  -0.5102
    - offset:  -0.153335
    - vertices: p690(v205) p418(v141) p307(v32)
    - neighboring facets: f684 f1043 f1042
- f1042
    - flags: top simplicial
    - normal:    0.8424 -0.03207   -0.538
    - offset: -0.1590729
    - vertices: p690(v205) p1187(v172) p418(v141)
    - neighboring facets: f865 f1041 f1159
- f1043
    - flags: bottom simplicial
    - normal:    0.8996 -0.02732  -0.4359
    - offset:  -0.137459
    - vertices: p690(v205) p1786(v168) p307(v32)
    - neighboring facets: f1007 f1041 f1158
- f1057
    - flags: top simplicial
    - normal:    0.1459  -0.0132  -0.9892
    - offset: -0.2538802
    - vertices: p800(v209) p774(v175) p787(v144)
    - neighboring facets: f880 f1059 f1232
- f1059
    - flags: bottom simplicial
    - normal:    0.2018  -0.0192  -0.9792
    - offset: -0.2517463
    - vertices: p800(v209) p851(v176) p787(v144)
    - neighboring facets: f1182 f1057 f1169
- f1063
    - flags: bottom simplicial
    - normal:  -0.07253 -0.02553   -0.997
    - offset: -0.2558202
    - vertices: p127(v210) p774(v175) p541(v173)
    - neighboring facets: f880 f1176 f1236
- f1065
    - flags: top simplicial
    - normal:   -0.1158 0.006958  -0.9932
    - offset:  -0.254747
    - vertices: p127(v210) p1961(v174) p818(v60)
    - neighboring facets: f873 f1180 f1266
- f1080
    - flags: bottom simplicial
    - normal:    0.2846 -0.008738  -0.9586
    - offset: -0.2474336
    - vertices: p445(v212) p851(v176) p1688(v143)
    - neighboring facets: f1168 f1246 f1184
- f1084
    - flags: top simplicial
    - normal:  -0.01715  -0.8611  -0.5081
    - offset: -0.1616238
    - vertices: p1721(v213) p897(v108) p1268(v63)
    - neighboring facets: f916 f1093 f1092
- f1089
    - flags: bottom simplicial
    - normal:  -0.08559  -0.3545  -0.9311
    - offset:  -0.248741
    - vertices: p681(v214) p1899(v154) p787(v144)
    - neighboring facets: f872 f1090 f1091
- f1090
    - flags: top simplicial
    - normal:    0.2075  -0.2072   -0.956
    - offset: -0.2517047
    - vertices: p681(v214) p1165(v211) p787(v144)
    - neighboring facets: f1183 f1089 f1194
- f1091
    - flags: top simplicial
    - normal:  -0.04915  -0.7368  -0.6743
    - offset: -0.1984033
    - vertices: p681(v214) p1899(v154) p897(v108)
    - neighboring facets: f1104 f1092 f1089
- f1092
    - flags: bottom simplicial
    - normal:  -0.02346  -0.7935  -0.6082
    - offset: -0.1839763
    - vertices: p681(v214) p1721(v213) p897(v108)
    - neighboring facets: f1084 f1091 f1093
- f1093
    - flags: top simplicial
    - normal:   0.04182  -0.8356  -0.5477
    - offset: -0.1707448
    - vertices: p681(v214) p1721(v213) p1268(v63)
    - neighboring facets: f1084 f1094 f1092
- f1094
    - flags: top simplicial
    - normal:    0.3991  -0.7108  -0.5792
    - offset: -0.1767174
    - vertices: p681(v214) p1268(v63) p1948(v34)
    - neighboring facets: f658 f1095 f1093
- f1095
    - flags: bottom simplicial
    - normal:     0.958 -0.01835  -0.2861
    - offset: -0.1055173
    - vertices: p307(v151) p182(v121) p584(v88)
    - neighboring facets: f581 f747 f745
- f752
    - flags: top simplicial tested
    - normal:  -0.02583   0.9947  0.09905
    - offset: -0.04311838
    - center: -0.001995866666666667 0.04484693333333333 -0.01559426666666667
    - vertices: p285(v153) p899(v65) p514(v37)
    - neighboring facets: f440 f754 f753
- f753
    - flags: top simplicial tested
    - normal:   -0.1206   0.9876   0.1005
    - offset: -0.04324507
    - center: -0.005520243333333334 0.04406856666666667 -0.00937495
    - vertices: p285(v153) p560(v123) p899(v65)
    - neighboring facets: f591 f752 f761
- f754
    - flags: top simplicial tested
    - normal:   0.02897   0.9921   0.1223
    - offset: -0.04269152
    - center: 0.00203994 0.04411999999999999 -0.00929878
    - vertices: p285(v153) p514(v37) p567(v6)
    - neighboring facets: f610 f759 f752
- f757
    - flags: bottom simplicial tested seen
    - normal:    -0.163   0.1611   0.9734
    - offset: -0.005447347
    - center: -0.01929611 0.03082803333333333 -0.00273661
    - vertices: p285(v153) p486(v70) p51(v24)
    - neighboring facets: f328 f876 f760
    - ridges:
- f759
    - flags: bottom simplicial tested seen
    - normal:    0.1004   0.1557   0.9827
    - offset: -0.0039643
    - center: 0.009570506666666666 0.0367232 -0.002761079999999999
    - vertices: p285(v153) p208(v69) p567(v6)
    - neighboring facets: f323 f754 f877
    - ridges:
- f760
    - flags: top simplicial tested
    - normal:   -0.2211   0.2625   0.9392
    - offset: -0.01020807
    - center: -0.01774937666666667 0.03699333333333333 -0.003649963333333335
    - vertices: p285(v153) p486(v70) p426(v44)
    - neighboring facets: f328 f761 f757
- f761
    - flags: bottom simplicial tested
    - normal:   -0.3532   0.6442   0.6784
    - offset: -0.02802986
    - center: -0.01320972 0.04006736666666667 -0.003606736666666669
    - vertices: p285(v153) p560(v123) p426(v44)
    - neighboring facets: f590 f760 f753
- f762
    - flags: top simplicial
    - normal:   -0.3451  -0.7867  -0.5119
    - offset: -0.1634586
    - vertices: p473(v215) p1336(v112) p449(v61)
    - neighboring facets: f970 f1100 f1103
- f1103
    - flags: top simplicial
    - normal:   -0.3107  -0.7829   -0.539
    - offset: -0.1693336
    - vertices: p473(v215) p1899(v154) p1336(v112)
    - neighboring facets: f758 f1102 f1104
- f1104
    - flags: bottom simplicial
    - normal:   -0.1087  -0.8468  -0.5207
    - offset: -0.1647268
    - vertices: p473(v215) p1899(v154) p897(v108)
    - neighboring facets: f1091 f1105 f1103
- f1105
    - flags: top simplicial
    - normal:  -0.04773  -0.8806  -0.4714
    - offset: -0.1533952
    - vertices: p473(v215) p1716(v183) p897(v108)
    - neighboring facets: f916 f1104 f1101
- f1106
    - flags: top simplicial
    - normal:  -0.06597  -0.9977  0.01597
    - offset: -0.04559655
    - vertices: p203(v216) p1124(v134) p1582(v3)
    - neighboring facets: f641 f1107 f1108
- f1107
    - flags: bottom simplicial
    - normal:  -0.07496  -0.9971  0.01219
    - offset: -0.04638554
    - vertices: p203(v216) p1287(v180) p1582(v3)
    - neighboring facets: f904 f1106 f1108
- f1108
    - flags: top simplicial
    - normal:  -0.07971  -0.9967  0.01624
    - offset: -0.04556331
    - vertices: p203(v216) p1287(v180) p1124(v134)
    - neighboring facets: f905 f1106 f1107
- f1110
    - flags: top simplicial
    - normal:   -0.7618  0.04422  -0.6463
    - offset: -0.1818392
    - vertices: p255(v217) p1877(v186) p1026(v149)
    - neighboring facets: f935 f1112 f1204
- f1111
    - flags: top simplicial
    - normal:   -0.7953 -0.01238  -0.6061
    - offset:  -0.173308
    - vertices: p255(v217) p1832(v189) p700(v65)
    - neighboring facets: f1260 f1203 f1112
- f1112
    - flags: bottom simplicial
    - normal:     -0.84 0.005408  -0.5426
    - offset: -0.1599456
    - vertices: p255(v217) p1832(v189) p1026(v149)
    - neighboring facets: f954 f1110 f1111
- f1113
    - flags: top simplicial
    - normal:   -0.8877   -0.273  -0.3708
    - offset:  -0.127883
    - vertices: p1110(v218) p858(v152) p277(v111)
    - neighboring facets: f753 f1222 f1121
- f1121
    - flags: bottom simplicial
    - normal:   -0.9035  -0.1914  -0.3836
    - offset:  -0.129038
    - vertices: p751(v219) p1110(v218) p858(v152)
    - neighboring facets: f1113 f1214 f1224
- f1125
    - flags: bottom simplicial
    - normal:    -0.555 -0.05424  -0.8301
    - offset: -0.2210361
    - vertices: p987(v220) p1004(v190) p1504(v151)
    - neighboring facets: f959 f1262 f1126
- f1126
    - flags: top simplicial
    - normal:   -0.6235 -0.003417  -0.7818
    - offset: -0.2101479
    - vertices: p987(v220) p1004(v190) p1877(v186)
    - neighboring facets: f956 f1127 f1125
- f1127
    - flags: top simplicial
    - normal:   -0.7239 -0.02419  -0.6895
    - offset: -0.1906378
    - vertices: p987(v220) p1877(v186) p700(v65)
    - neighboring facets: f1202 f1261 f1126
- f1130
    - flags: top simplicial
    - normal:   -0.7444  -0.4969  -0.4461
    - offset: -0.1470768
    - vertices: p935(v221) p842(v192) p1537(v66)
    - neighboring facets: f971 f1225 f1131
- f1131
    - flags: bottom simplicial
    - normal:   -0.7304  -0.6063  -0.3145
    - offset: -0.1196517
    - vertices: p935(v221) p842(v192) p277(v111)
    - neighboring facets: f966 f1223 f1130
- f1135
    - flags: top simplicial
    - normal:    0.9024  -0.4283  -0.0474
    - offset: -0.06050874
    - vertices: p1586(v222) p462(v196) p1514(v122)
    - neighboring facets: f992 f1137 f1136
- f1136
    - flags: bottom simplicial
    - normal:    0.9441  -0.3269 -0.04288
    - offset: -0.05825474
    - vertices: p1586(v222) p462(v196) p1403(v195)
    - neighboring facets: f987 f1139 f1135
- f1137
    - flags: top simplicial
    - normal:    0.9317  -0.3622  0.02785
    - offset: -0.04533953
    - vertices: p1586(v222) p1514(v122) p1433(v121)
    - neighboring facets: f573 f1138 f1135
- f1138
    - flags: top simplicial
    - normal:    0.9645  -0.2634  0.01941
    - offset: -0.04525925
    - vertices: p1586(v222) p1433(v121) p76(v43)
    - neighboring facets: f775 f1139 f1137
- f1139
    - flags: bottom simplicial
    - normal:   0.07779 -0.005182   -0.997
    - offset: -0.2554647
    - vertices: p774(v159) p787(v132) p930(v10)
    - neighboring facets: f684 f856 f790
- f796
    - flags: bottom simplicial tested seen
    - normal:   -0.2316  -0.2693   0.9348
    - offset: -0.01091757
    - center: -0.02732526666666667 -0.02578296666666667 -0.002519059999999998
    - vertices: p798(v160) p737(v135) p863(v74)
    - neighboring facets: f661 f814 f880
    - ridges:
- f798
    - flags: top simplicial tested
    - normal:    -0.495   0.1008   0.8631
    - offset: -0.01570616
    - center: -0.03793856666666667 0.005152633333333333 -0.004161036666666664
    - vertices: p121(v161) p822(v51) p51(v24)
    - neighboring facets: f229 f859 f799
- f799
    - flags: top simplicial tested
    - normal:    -0.818 -0.005145   0.5753
    - offset: -0.03021296
    - center: -0.03983163333333334 -0.005050433333333334 -0.004161036666666663
    - vertices: p121(v161) p737(v135) p822(v51)
    - neighboring facets: f666 f798 f860
- f800
    - flags: top simplicial
    - normal:    0.7999  -0.5988   0.0407
    - offset: -0.04524846
    - vertices: p939(v223) p862(v197) p566(v161)
    - neighboring facets: f994 f1143 f1140
- f1142
    - flags: bottom simplicial
    - normal:    0.8727  -0.4869  0.03693
    - offset: -0.04518153
    - vertices: p939(v223) p1514(v122) p657(v42)
    - neighboring facets: f572 f1143 f1140
- f1143
    - flags: top simplicial
    - normal:    0.8455  -0.5324  0.03962
    - offset: -0.04509652
    - vertices: p939(v223) p566(v161) p657(v42)
    - neighboring facets: f797 f1142 f1141
- f1144
    - flags: bottom simplicial
    - normal:    -0.109   0.9894  0.09571
    - offset: -0.04336456
    - vertices: p453(v224) p550(v199) p899(v131)
    - neighboring facets: f1000 f1151 f1146
- f1145
    - flags: bottom simplicial
    - normal:   -0.2226   0.9677   0.1185
    - offset: -0.04297194
    - vertices: p453(v224) p1063(v163) p560(v129)
    - neighboring facets: f808 f1146 f1148
- f1146
    - flags: top simplicial
    - normal:   -0.2045   0.9713   0.1218
    - offset: -0.04288637
    - vertices: p453(v224) p550(v199) p560(v129)
    - neighboring facets: f1004 f1145 f1144
- f1147
    - flags: top simplicial
    - normal:   -0.2901   0.9566 -0.02575
    - offset:  -0.046263
    - vertices: p453(v224) p1313(v198) p588(v90)
    - neighboring facets: f997 f1150 f1149
- f1148
    - flags: top simplicial
    - normal:   -0.2905   0.9554  0.05299
    - offset: -0.04449368
    - vertices: p453(v224) p1063(v163) p386(v89)
    - neighboring facets: f807 f1149 f1145
- f1149
    - flags: bottom simplicial
    - normal:   -0.3034   0.9529 -0.002649
    - offset: -0.04571552
    - vertices: p453(v224) p1313(v198) p386(v89)
    - neighboring facets: f998 f1148 f1147
- f1150
    - flags: top simplicial
    - normal:    -0.141   0.9885 -0.05455
    - offset: -0.04690457
    - vertices: p453(v224) p588(v90) p1204(v52)
    - neighboring facets: f412 f1151 f1147
- f1151
    - flags: bottom simplicial
    - normal:    0.6391  -0.7638  0.09002
    - offset: -0.04307906
    - vertices: p703(v163) p566(v142) p62(v109)
    - neighboring facets: f704 f805 f804
- f807
    - flags: bottom simplicial tested seen
    - normal:    0.3289  -0.8457   0.4203
    - offset: -0.03468098
    - center: 0.01742481933333333 -0.03692146666666667 -0.005411233333333335
    - vertices: p201(v164) p138(v141) p62(v109)
    - neighboring facets: f697 f875 f808
    - ridges:
- f808
    - flags: bottom simplicial tested
    - normal:    0.3272   -0.849   0.4149
    - offset: -0.03483669
    - center: 0.007198282666666667 -0.04164443333333333 -0.006930856666666665
    - vertices: p201(v164) p740(v145) p138(v141)
    - neighboring facets: f716 f807 f812
- f811
    - flags: bottom simplicial tested
    - normal:   -0.3303  -0.9025   0.2764
    - offset: -0.0379869
    - center: -0.007457043999999999 -0.0411516 -0.005847693333333333
    - vertices: p201(v164) p863(v74) p527(v47)
    - neighboring facets: f347 f812 f814
- f812
    - flags: top simplicial tested
    - normal:   -0.1579  -0.9706   0.1814
    - offset: -0.04096542
    - center: -0.001948414000000002 -0.04323753333333334 -0.007223256666666665
    - vertices: p201(v164) p740(v145) p527(v47)
    - neighboring facets: f713 f811 f808
- f814
    - flags: bottom simplicial tested seen
    - normal:  -0.06656  -0.1008   0.9927
    - offset: -0.001984107
    - center: -0.01476614733333333 -0.0347329 -0.00251906
    - vertices: p201(v164) p798(v160) p863(v74)
    - neighboring facets: f796 f811 f881
    - ridges:
- f1156
    - flags: top simplicial tested
    - normal:    0.9995  -0.0102 -0.03119
    - offset: -0.05220712
    - center: 0.0454609456161658 -0.007759707358976205 -0.2145205587148666
    - vertices: p1516(v225) p1841(v159) p708(v76)
    - neighboring facets: f783 f1155 f1154
- f1157
    - flags: bottom simplicial
    - normal:    0.8855 5.205e-07  -0.4647
    - offset: -0.1434308
    - vertices: p182(v226) p1187(v172) p1786(v168)
    - neighboring facets: f867 f1158 f1159
- f1158
    - flags: top simplicial
    - normal:    0.8855 -4.931e-06  -0.4647
    - offset: -0.1434297
    - vertices: p182(v226) p690(v205) p1786(v168)
    - neighboring facets: f1043 f1157 f1159
- f1159
    - flags: bottom simplicial
    - normal:    0.8855 -1.74e-07  -0.4647
    - offset: -0.1434308
    - vertices: p182(v226) p690(v205) p1187(v172)
    - neighboring facets: f1042 f1157 f1158
- f1160
    - flags: bottom simplicial
    - normal:   -0.2989  0.03822  -0.9535
    - offset: -0.2465217
    - vertices: p1777(v227) p377(v150) p818(v60)
    - neighboring facets: f936 f1161 f1241
- f1161
    - flags: top simplicial
    - normal:    -0.289  0.03183  -0.9568
    - offset: -0.2471619
    - vertices: p1777(v227) p1322(v206) p818(v60)
    - neighboring facets: f1179 f1160 f1242
- f1163
    - flags: bottom simplicial
    - normal:   0.06947  0.02398  -0.9973
    - offset: -0.2556454
    - vertices: p761(v228) p1961(v174) p1684(v103)
    - neighboring facets: f873 f1164 f1264
- f1164
    - flags: top simplicial
    - normal:    0.1205 6.032e-07  -0.9927
    - offset: -0.2545058
    - vertices: p761(v228) p800(v209) p1684(v103)
    - neighboring facets: f1171 f1163 f1165
- f1165
    - flags: bottom simplicial
    - normal:    0.1205 -3.641e-08  -0.9927
    - offset:  -0.254506
    - vertices: p761(v228) p800(v209) p1715(v208)
    - neighboring facets: f1233 f1231 f1164
- f1168
    - flags: top simplicial
    - normal:    0.2272 -0.01334  -0.9737
    - offset: -0.2505779
    - vertices: p1270(v229) p851(v176) p1688(v143)
    - neighboring facets: f1080 f1170 f1169
- f1169
    - flags: top simplicial
    - normal:    0.2073 -0.01621  -0.9781
    - offset: -0.2514789
    - vertices: p1270(v229) p800(v209) p851(v176)
    - neighboring facets: f1059 f1168 f1171
- f1170
    - flags: top simplicial
    - normal:    0.1206 -2.061e-06  -0.9927
    - offset: -0.2545052
    - vertices: p1270(v229) p1688(v143) p1684(v103)
    - neighboring facets: f695 f1171 f1168
- f1171
    - flags: bottom simplicial
    - normal:    0.1206 -1.902e-06  -0.9927
    - offset: -0.2545053
    - vertices: p1270(v229) p800(v209) p1684(v103)
    - neighboring facets: f1164 f1170 f1169
- f1175
    - flags: bottom simplicial
    - normal:   -0.3063 -0.05098  -0.9506
    - offset: -0.2465942
    - vertices: p565(v231) p541(v173) p1725(v33)
    - neighboring facets: f871 f1237 f1176
- f1176
    - flags: bottom simplicial
    - normal:   -0.2057 -0.02455  -0.9783
    - offset: -0.2521034
    - vertices: p565(v231) p127(v210) p541(v173)
    - neighboring facets: f1063 f1175 f1178
- f1178
    - flags: top simplicial
    - normal:   -0.2812 -0.005629  -0.9596
    - offset: -0.2476812
    - vertices: p565(v231) p127(v210) p1322(v206)
    - neighboring facets: f1181 f1238 f1176
- f1179
    - flags: bottom simplicial
    - normal:   -0.2275  0.01048  -0.9737
    - offset: -0.2506238
    - vertices: p1686(v232) p1322(v206) p818(v60)
    - neighboring facets: f1161 f1180 f1181
- f1180
    - flags: top simplicial
    - normal:   -0.2245  0.01017  -0.9744
    - offset: -0.2507782
    - vertices: p1686(v232) p127(v210) p818(v60)
    - neighboring facets: f1065 f1179 f1181
- f1181
    - flags: bottom simplicial
    - normal:   -0.2278 0.009977  -0.9737
    - offset: -0.2506121
    - vertices: p1686(v232) p127(v210) p1322(v206)
    - neighboring facets: f1178 f1179 f1180
- f1182
    - flags: top simplicial
    - normal:     0.209 -0.02721  -0.9775
    - offset: -0.2515917
    - vertices: p1156(v233) p851(v176) p787(v144)
    - neighboring facets: f1059 f1183 f1184
- f1183
    - flags: bottom simplicial
    - normal:    0.2386 -0.08937   -0.967
    - offset: -0.2509583
    - vertices: p1156(v233) p1165(v211) p787(v144)
    - neighboring facets: f1090 f1182 f1185
- f1184
    - flags: top simplicial
    - normal:    0.3461 -0.05515  -0.9366
    - offset: -0.2437193
    - vertices: p1156(v233) p445(v212) p851(v176)
    - neighboring facets: f1080 f1182 f1185
- f1185
    - flags: bottom simplicial
    - normal:    0.3838  -0.0747  -0.9204
    - offset: -0.2406208
    - vertices: p1156(v233) p445(v212) p1165(v211)
    - neighboring facets: f1192 f1183 f1184
- f1192
    - flags: top simplicial
    - normal:    0.3876 -0.07572  -0.9187
    - offset: -0.2402837
    - vertices: p839(v235) p445(v212) p1165(v211)
    - neighboring facets: f1185 f1194 f1256
- f1193
    - flags: top simplicial
    - normal:    0.5785  -0.3465  -0.7384
    - offset: -0.2071789
    - vertices: p839(v235) p1915(v204) p1653(v15)
    - neighboring facets: f1038 f1255 f1195
- f1194
    - flags: bottom simplicial
    - normal:    0.4007  -0.4749  -0.7835
    - offset: -0.2195793
    - vertices: p839(v235) p681(v214) p1165(v211)
    - neighboring facets: f1090 f1192 f1196
- f1195
    - flags: bottom simplicial
    - normal:    0.4898  -0.6242  -0.6086
    - offset: -0.1820733
    - vertices: p839(v235) p1915(v204) p670(v101)
    - neighboring facets: f1033 f1196 f1193
- f1196
    - flags: top simplicial
    - normal:    0.4555  -0.6533  -0.6047
    - offset: -0.1814403
    - vertices: p839(v235) p681(v214) p670(v101)
    - neighboring facets: f1095 f1195 f1194
- f1197
    - flags: top simplicial
    - normal:   -0.1818  -0.9675  -0.1759
    - offset: -0.08783631
    - vertices: p1301(v236) p1938(v178) p1383(v104)
    - neighboring facets: f893 f1200 f1198
- f1198
    - flags: top simplicial
    - normal:    -0.181  -0.9671  -0.1787
    - offset: -0.08847147
    - vertices: p1301(v236) p473(v215) p1938(v178)
    - neighboring facets: f1100 f1197 f1199
- f1199
    - flags: bottom simplicial
    - normal:   -0.1605  -0.9668   -0.199
    - offset: -0.09304537
    - vertices: p1301(v236) p473(v215) p468(v147)
    - neighboring facets: f1101 f1201 f1198
- f1200
    - flags: bottom simplicial
    - normal:  -0.02354  -0.9986 -0.04709
    - offset: -0.05887211
    - vertices: p1301(v236) p888(v184) p1383(v104)
    - neighboring facets: f921 f1197 f1201
- f1201
    - flags: top simplicial
    - normal:    0.0484  -0.9953 -0.08335
    - offset: -0.06677884
    - vertices: p1301(v236) p888(v184) p468(v147)
    - neighboring facets: f920 f1199 f1200
- f1202
    - flags: bottom simplicial
    - normal:   -0.7485 -7.405e-06  -0.6631
    - offset: -0.1851707
    - vertices: p1869(v237) p1877(v186) p700(v65)
    - neighboring facets: f1127 f1203 f1204
- f1203
    - flags: top simplicial
    - normal:   -0.7485 -1.523e-06  -0.6631
    - offset: -0.1851691
    - vertices: p1869(v237) p255(v217) p700(v65)
    - neighboring facets: f1111 f1202 f1204
- f1204
    - flags: bottom simplicial
    - normal:   -0.7485 -7.85e-07  -0.6631
    - offset: -0.1851693
    - vertices: p1869(v237) p255(v217) p1877(v186)
    - neighboring facets: f1110 f1202 f1203
- f1212
    - flags: bottom simplicial
    - normal:   -0.9457  -0.2125  -0.2461
    - offset: -0.1005834
    - vertices: p1335(v239) p858(v152) p656(v36)
    - neighboring facets: f961 f1213 f1214
- f1213
    - flags: top simplicial
    - normal:   -0.9423  -0.1813  -0.2814
    - offset: -0.1074685
    - vertices: p1335(v239) p751(v219) p656(v36)
    - neighboring facets: f1219 f1212 f1214
- f1214
    - flags: bottom simplicial
    - normal:   -0.9218  -0.1877  -0.3392
    - offset: -0.1197532
    - vertices: p1335(v239) p751(v219) p858(v152)
    - neighboring facets: f1121 f1212 f1213
- f1215
    - flags: top simplicial
    - normal:   -0.9149 -0.06479  -0.3985
    - offset: -0.1303148
    - vertices: p1963(v240) p751(v219) p1816(v188)
    - neighboring facets: f1257 f1217 f1219
- f1216
    - flags: bottom simplicial
    - normal:   -0.9433 0.003829   -0.332
    - offset: -0.1155061
    - vertices: p1963(v240) p293(v80) p135(v5)
    - neighboring facets: f373 f1217 f1218
- f1217
    - flags: top simplicial
    - normal:   -0.9312 -0.0004815  -0.3646
    - offset: -0.1223872
    - vertices: p1963(v240) p1816(v188) p135(v5)
    - neighboring facets: f948 f1216 f1215
- f1218
    - flags: bottom simplicial
    - normal:     -0.97 -0.009118   -0.243
    - offset: -0.09683259
    - vertices: p1963(v240) p925(v125) p293(v80)
    - neighboring facets: f599 f1216 f1221
- f1219
    - flags: bottom simplicial
    - normal:   -0.9648 -0.07624  -0.2518
    - offset: -0.09964114
    - vertices: p1963(v240) p751(v219) p656(v36)
    - neighboring facets: f1213 f1220 f1215
- f1220
    - flags: top simplicial
    - normal:   -0.9785 -0.02959  -0.2042
    - offset: -0.08877625
    - vertices: p1963(v240) p324(v81) p656(v36)
    - neighboring facets: f806 f1219 f1221
- f1221
    - flags: top simplicial
    - normal:   -0.9737 -0.01543  -0.2273
    - offset: -0.09354298
    - vertices: p1963(v240) p925(v125) p324(v81)
    - neighboring facets: f600 f1220 f1218
- f1222
    - flags: top simplicial
    - normal:   -0.8704  -0.2628  -0.4163
    - offset: -0.1373794
    - vertices: p1115(v241) p1110(v218) p277(v111)
    - neighboring facets: f1113 f1223 f1224
- f1223
    - flags: bottom simplicial
    - normal:    -0.866  -0.2677  -0.4224
    - offset: -0.1387922
    - vertices: p1115(v241) p935(v221) p277(v111)
    - neighboring facets: f1131 f1222 f1225
- f1224
    - flags: top simplicial
    - normal:   -0.8887  -0.1596  -0.4298
    - offset: -0.1381865
    - vertices: p1115(v241) p751(v219) p1110(v218)
    - neighboring facets: f1121 f1222 f1258
- f1225
    - flags: top simplicial
    - normal:    -0.773  -0.3232  -0.5459
    - offset: -0.1656333
    - vertices: p1115(v241) p935(v221) p1537(v66)
    - neighboring facets: f1130 f1227 f1223
- f1227
    - flags: bottom simplicial
    - normal:   -0.7506  -0.1939  -0.6317
    - offset: -0.1809388
    - vertices: p1115(v241) p1504(v151) p1537(v66)
    - neighboring facets: f742 f1225 f1263
- f1231
    - flags: bottom simplicial
    - normal:     0.111 3.829e-05  -0.9938
    - offset: -0.2547431
    - vertices: p930(v242) p761(v228) p1715(v208)
    - neighboring facets: f1165 f1233 f1265
- f1232
    - flags: bottom simplicial
    - normal:    0.1127 -0.001665  -0.9936
    - offset: -0.2547017
    - vertices: p930(v242) p800(v209) p774(v175)
    - neighboring facets: f1057 f1236 f1233
- f1233
    - flags: top simplicial
    - normal:    0.1627 0.001019  -0.9867
    - offset: -0.2531546
    - vertices: p800(v173) p774(v159) p761(v133)
    - neighboring facets: f791 f855 f856
- f859
    - flags: top simplicial tested seen
    - normal:   -0.3347  0.06407   0.9401
    - offset: -0.009714507
    - center: -0.0366642 -0.003596733333333333 -0.002476650000000001
    - vertices: p792(v174) p121(v161) p51(v24)
    - neighboring facets: f798 f876 f860
    - ridges:
- f860
    - flags: bottom simplicial tested seen
    - normal:   -0.5083  0.03372   0.8605
    - offset: -0.01700305
    - center: -0.03855726666666667 -0.0137998 -0.002476650000000001
    - vertices: p792(v174) p121(v161) p737(v135)
    - neighboring facets: f799 f880 f859
    - ridges:
- f861
    - flags: bottom simplicial
    - normal:   -0.3558 -0.02707  -0.9342
    - offset: -0.2423878
    - vertices: p1340(v243) p565(v231) p1725(v33)
    - neighboring facets: f1175 f1239 f1238
- f1238
    - flags: top simplicial
    - normal:   -0.3085 -0.009079  -0.9512
    - offset: -0.2458698
    - vertices: p1340(v243) p565(v231) p1322(v206)
    - neighboring facets: f1178 f1242 f1237
- f1239
    - flags: top simplicial
    - normal:    -0.411 -0.02783  -0.9112
    - offset: -0.2373666
    - vertices: p1340(v243) p1004(v190) p1725(v33)
    - neighboring facets: f959 f1237 f1240
- f1240
    - flags: bottom simplicial
    - normal:    -0.414 -0.01709  -0.9101
    - offset: -0.2370537
    - vertices: p1340(v243) p1004(v190) p377(v150)
    - neighboring facets: f955 f1241 f1239
- f1241
    - flags: top simplicial
    - normal:   -0.3546 -3.131e-07   -0.935
    - offset: -0.2423685
    - vertices: p1340(v243) p1777(v227) p377(v150)
    - neighboring facets: f1160 f1240 f1242
- f1242
    - flags: bottom simplicial
    - normal:   -0.3546 -2.492e-07   -0.935
    - offset: -0.2423694
    - vertices: p1340(v243) p1777(v227) p1322(v206)
    - neighboring facets: f1161 f1238 f1241
- f1243
    - flags: top simplicial
    - normal:    0.5681 5.825e-07   -0.823
    - offset: -0.2187986
    - vertices: p1602(v244) p573(v171) p36(v31)
    - neighboring facets: f859 f1244 f1253
- f1244
    - flags: bottom simplicial
    - normal:    0.5284 -0.0004207   -0.849
    - offset:  -0.224156
    - vertices: p1602(v244) p362(v234) p36(v31)
    - neighboring facets: f1249 f1243 f1254
- f1246
    - flags: bottom simplicial
    - normal:    0.3885  0.01422  -0.9213
    - offset: -0.2395026
    - vertices: p627(v245) p445(v212) p1688(v143)
    - neighboring facets: f1080 f1248 f1247
- f1247
    - flags: bottom simplicial
    - normal:    0.4543  0.01457  -0.8907
    - offset: -0.2329435
    - vertices: p627(v245) p362(v234) p445(v212)
    - neighboring facets: f1252 f1246 f1249
- f1248
    - flags: bottom simplicial
    - normal:    0.4471  0.03763  -0.8937
    - offset: -0.2335533
    - vertices: p627(v245) p1688(v143) p36(v31)
    - neighboring facets: f694 f1249 f1246
- f1249
    - flags: top simplicial
    - normal:    0.4702  0.01938  -0.8824
    - offset: -0.2311085
    - vertices: p627(v245) p362(v234) p36(v31)
    - neighboring facets: f1244 f1248 f1247
- f1250
    - flags: bottom simplicial
    - normal:    0.6363 -0.03351  -0.7707
    - offset:  -0.207867
    - vertices: p731(v246) p1861(v140) p1653(v15)
    - neighboring facets: f687 f1255 f1251
- f1251
    - flags: bottom simplicial
    - normal:    0.6123 -0.01695  -0.7905
    - offset: -0.2118117
    - vertices: p731(v246) p573(v171) p1861(v140)
    - neighboring facets: f860 f1250 f1253
- f1252
    - flags: top simplicial
    - normal:    0.5004 -0.02052  -0.8656
    - offset: -0.2279812
    - vertices: p731(v246) p362(v234) p445(v212)
    - neighboring facets: f1247 f1256 f1254
- f1253
    - flags: bottom simplicial
    - normal:    0.5606 -0.008776   -0.828
    - offset: -0.2197548
    - vertices: p731(v246) p1602(v244) p573(v171)
    - neighboring facets: f1243 f1251 f1254
- f1254
    - flags: top simplicial
    - normal:    0.5432 -0.006445  -0.8396
    - offset: -0.2221642
    - vertices: p731(v246) p1602(v244) p362(v234)
    - neighboring facets: f1244 f1252 f1253
- f1255
    - flags: top simplicial
    - normal:    0.5487  -0.1883  -0.8145
    - offset:  -0.220618
    - vertices: p731(v246) p839(v235) p1653(v15)
    - neighboring facets: f1193 f1250 f1256
- f1256
    - flags: bottom simplicial
    - normal:    0.4341 -0.07482  -0.8977
    - offset: -0.2357985
    - vertices: p731(v246) p839(v235) p445(v212)
    - neighboring facets: f1192 f1252 f1255
- f1257
    - flags: bottom simplicial
    - normal:   -0.9027 -0.08364  -0.4221
    - offset: -0.1355107
    - vertices: p1886(v247) p751(v219) p1816(v188)
    - neighboring facets: f1215 f1259 f1258
- f1258
    - flags: bottom simplicial
    - normal:   -0.8854    -0.15  -0.4399
    - offset: -0.1401179
    - vertices: p1886(v247) p1115(v241) p751(v219)
    - neighboring facets: f1224 f1257 f1263
- f1259
    - flags: top simplicial
    - normal:    0.1856  -0.9499  -0.2516
    - offset: -0.1037107
    - vertices: p837(v178) p452(v171) p468(v130)
    - neighboring facets: f844 f873 f872
- f875
    - flags: bottom simplicial tricoplanar keepcentrum
    - owner of normal & centrum is facet f875
    - normal:        -0        0        1
    - offset:   0.002375
    - center: 0.007239522222222221 -0.001110300222222221 -0.002375
    - vertices: p792(v174) p201(v164) p62(v109)
    - neighboring facets: f807 f878 f881
- f876
    - flags: bottom simplicial tricoplanar
    - owner of normal & centrum is facet f875
    - normal:        -0        0        1
    - offset:   0.002375
    - center: 0.007239522222222221 -0.001110300222222221 -0.002375
    - vertices: p792(v174) p285(v153) p51(v24)
    - neighboring facets: f757 f859 f877
- f877
    - flags: top simplicial tricoplanar
    - owner of normal & centrum is facet f875
    - normal:        -0        0        1
    - offset:   0.002375
    - center: 0.007239522222222221 -0.001110300222222221 -0.002375
    - vertices: p792(v174) p285(v153) p208(v69)
    - neighboring facets: f759 f879 f876
- f878
    - flags: bottom simplicial tricoplanar
    - owner of normal & centrum is facet f875
    - normal:        -0        0        1
    - offset:   0.002375
    - center: 0.007239522222222221 -0.001110300222222221 -0.002375
    - vertices: p792(v174) p62(v109) p364(v22)
    - neighboring facets: f691 f879 f875
- f879
    - flags: top simplicial tricoplanar
    - owner of normal & centrum is facet f875
    - normal:        -0        0        1
    - offset:   0.002375
    - center: 0.007239522222222221 -0.001110300222222221 -0.002375
    - vertices: p792(v174) p208(v69) p364(v22)
    - neighboring facets: f326 f878 f877
- f880
    - flags: top simplicial tricoplanar
    - owner of normal & centrum is facet f875
    - normal:        -0        0        1
    - offset:   0.002375
    - center: 0.007239522222222221 -0.001110300222222221 -0.002375
    - vertices: p792(v174) p798(v160) p737(v135)
    - neighboring facets: f796 f860 f881
- f881
    - flags: top simplicial tricoplanar
    - owner of normal & centrum is facet f875
    - normal:        -0        0        1
    - offset:   0.002375
    - center: 0.007239522222222221 -0.001110300222222221 -0.002375
    - vertices: p792(v174) p201(v164) p798(v160)
    - neighboring facets: f814 f880 f875
